COUNTRY,CITY,ZONE,METRIC,L8W,L7W,L6W,L5W,L4W,L3W,L2W,L1W,L0W
CO,Bogota,Chapinero,Orders,264650,261767,277005,279886,277954,275344,275633,279048,274376
CO,Bogota,Usaquén,Orders,233674,224436,241602,240411,240786,236591,241475,238649,236876
PE,Lima,Miraflores,Orders,123252,125820,126245,123770,126467,124376,124751,123431,124757
CO,Medellin,Poblado_guayabal,Orders,123163,118244,124015,108165,106785,117266,120384,121428,117824
PE,Lima,San isidro,Orders,109987,114369,114077,113302,115501,113639,113772,112622,114141
CO,Medellin,Laureles_belén,Orders,107288,103814,108727,96041,98857,103624,106250,105879,104650
CO,Bogota,Colina,Orders,97927,94438,99619,99192,98940,98480,100722,99589,98581
AR,Buenos Aires,Microcentro,Orders,92744,93388,96660,96642,96920,96988,96818,95960,97709
MX,Ciudad De Mexico,Del Valle-Narvarte,Orders,85132,90633,91459,91404,88751,89146,93548,88587,89345
MX,Ciudad De Mexico,Roma-Polanco,Orders,77871,82068,83221,84473,83361,82952,83952,83850,85190
AR,Buenos Aires,CABALLITO,Orders,75165,75320,75023,76422,76811,77011,75314,74859,77294
AR,Buenos Aires,Palermo,Orders,70976,73141,73667,75020,75523,74676,75038,75072,75821
CO,Barranquilla,Riomar,Orders,69778,67915,70502,69404,71368,70207,70412,69346,69760
PE,Lima,San Borja,Orders,66519,68166,68093,67680,68819,67992,66970,66319,67535
MX,Guadalajara,La estancia,Orders,58289,60368,60379,61783,60704,60055,63669,59945,61356
AR,Buenos Aires,Belgrano,Orders,54418,55790,55424,56936,56532,56508,56417,56663,57022
CO,Cali,Cali Centro oeste,Orders,51786,51760,53395,51860,52238,51876,53334,52981,54059
MX,Ciudad De Mexico,Coyoacan-Pedregal,Orders,51532,55693,57557,56372,55335,55601,58619,54202,54076
CO,Medellin,Envigado,Orders,51356,47679,52414,46114,43804,48767,50142,50336,49211
CO,Bogota,Engativa,Orders,45886,44055,45680,44471,45837,43288,45772,44881,45118
MX,Guadalajara,Zapopan,Orders,44700,46084,45853,47065,45766,45322,47286,45171,46171
BR,Grande São Paulo,Jardins/Pinheiros,Orders,44640,44302,43035,42173,41763,40959,40308,40481,39252
BR,Grande São Paulo,SP - SP - Itaim Bibi,Orders,44119,44100,43560,41852,42078,40949,40626,39811,39009
CO,Bogota,Salitre,Orders,40557,41749,41424,42208,42203,41766,42682,42619,42001
CO,Barranquilla,Miramar y Alamedas,Orders,40329,40443,40485,40125,41150,40768,39954,39725,40180
PE,Lima,Monterrico,Orders,39263,40551,41709,41621,43245,42728,42828,41919,42076
AR,Buenos Aires,Urquiza - Saavedra,Orders,37053,37588,36888,37593,37878,38172,37189,37572,37586
CO,Bogota,Suba,Orders,36512,35069,36533,35684,36154,35092,36761,35263,36153
MX,Ciudad De Mexico,CDMX_coapa_iztapalapa,Orders,36279,42261,43508,42502,39670,40832,43418,38361,38505
CO,Cali,Ingenio Limonar,Orders,36219,35709,37532,36623,36637,36836,37979,37763,38128
PE,Lima,San Miguel,Orders,36060,37565,37560,37296,37875,37457,38067,36107,37478
CO,Medellin,Caribe_centro,Orders,32524,32953,33382,31196,32034,34037,34475,33873,34286
BR,Grande São Paulo,Barra_funda/Lapa,Orders,32319,32330,32468,31989,31272,31293,30329,29615,28746
CO,Medellin,Sabaneta,Orders,31589,30482,31925,25305,23111,29363,30960,31873,31751
CO,Bogota,Fontibon,Orders,30623,30094,31271,31113,31367,30947,31894,31457,31225
MX,Monterrey,San Pedro,Orders,30270,30314,29433,31736,31216,28808,31595,31612,31908
CL,Santiago De Chile,las_condes_vitacura,Orders,29627,28525,28504,28789,29692,28347,22013,26942,28605
CO,Barranquilla,Centro y nor occidente,Orders,29368,29516,29441,29917,30242,29992,29906,29244,29273
MX,Monterrey,Mitras Centro,Orders,28714,29232,27935,30277,29669,28858,31440,30341,30811
AR,Buenos Aires,DEVOTO,Orders,28192,28633,28204,28776,28606,28437,27164,27496,28384
CL,Santiago De Chile,Ñuñoa Providencia,Orders,27341,27054,26915,27543,28071,27190,22076,25644,27846
MX,Ciudad De Mexico,Satélite-Naucalpan,Orders,27321,30607,30553,30792,29859,30120,31786,29234,29727
CO,Bucaramanga,Centro y Cabecera,Orders,26894,26221,27078,27353,27242,26838,27914,26678,27163
CO,Bogota,Kennedy,Orders,25982,24459,25013,24877,24659,24101,25631,24418,25059
CO,Cali,Cali Norte,Orders,25821,25962,26938,26357,26644,26729,27736,26698,27707
CO,Bogota,Candelaria,Orders,24680,23404,24322,24688,24944,25075,25441,24982,23452
CO,Cali,Pance y ciudad jardin,Orders,24286,23806,24875,24298,23952,24263,24797,25265,24755
CO,Medellin,Itagui_y_la_estrella,Orders,24072,23825,24986,23033,22837,24697,24958,24743,24848
MX,Guadalajara,Valle Real,Orders,22963,23029,23363,23957,23428,23285,25179,23455,23809
MX,Monterrey,Contry,Orders,22599,23087,22872,24181,23910,22754,24811,23757,24620
AR,Buenos Aires,Chacabuco - La Boca,Orders,20888,20780,20582,20237,20519,20791,19850,19751,20451
PE,Lima,La Molina,Orders,20727,20613,20776,19894,20126,19897,20128,19629,19739
PE,Lima,Cono norte,Orders,20174,21237,20574,19828,20722,20554,20814,19406,20710
AR,Buenos Aires,Flores,Orders,19812,19830,19166,19615,20117,21012,20003,20527,21009
PE,Lima,Centro Lima,Orders,19225,20461,20394,20197,20873,20106,20462,19647,20575
MX,Puebla,Angelopolis,Orders,18229,19701,20556,21173,21795,20977,22138,20724,20852
CO,Bucaramanga,Floridablanca,Orders,18091,17177,18315,17787,18094,17660,18459,17953,18400
AR,Buenos Aires,Vicente Lopez - Olivos,Orders,17979,18274,18052,18412,18660,18145,17548,17415,18323
CO,Barranquilla,Prado,Orders,17922,19243,18567,19539,19912,19875,20178,19200,19822
MX,Ciudad De Mexico,Tlalnepantla,Orders,17894,19999,20106,20354,19713,19962,20968,18840,19657
MX,Ciudad De Mexico,CDMX_GAM,Orders,17851,20440,21267,21755,20708,21212,22204,20347,20315
MX,Merida,MID_MX NORTE,Orders,17775,18379,19177,20003,19681,18829,19703,17919,18625
CO,Cali,Lido Plametto,Orders,17675,17789,18239,18096,18271,18257,18777,18382,18691
MX,Ciudad De Mexico,Santafe,Orders,17653,18593,18727,19270,19818,18550,19658,19428,19868
MX,Puebla,Centro_calvario,Orders,17037,18039,18883,19187,19871,19524,20491,19399,19013
CO,Cartagena,Bocagrande,Orders,16895,15811,16687,15369,16207,15385,15310,15436,15497
CO,Bello,Bello,Orders,16873,16590,17290,16290,15531,16625,15159,15955,15900
BR,Grande São Paulo,SP - SP - Morumbi/Vila Andrade,Orders,16721,16675,16828,16217,15707,15964,15359,15237,14712
MX,Guadalajara,Oblatos,Orders,16688,17153,17402,17799,17005,17343,18396,16169,16867
AR,Cordoba,Cordoba Centro,Orders,16348,14970,17074,16845,17989,20163,18182,17758,17079
MX,Ciudad De Mexico,CDMX_Agricola_Benito_Juarez,Orders,15873,18810,20335,19387,18054,18803,19542,16947,17345
CO,Bogota,Antonio Nariño,Orders,15805,14680,15175,14338,14998,14594,15341,14429,14825
MX,Monterrey,Cumbres Poniente,Orders,15731,16009,15809,16477,15897,15435,17175,16163,16324
CO,Cartagena,La Castellana,Orders,15157,14893,15520,15188,14858,14684,14941,14999,15415
MX,Monterrey,San Nicolás,Orders,15027,14938,14669,16237,15757,15202,16548,15973,16394
CL,Santiago De Chile,Santiago_centro,Orders,15024,15758,15392,15860,16076,15504,13370,13566,15549
MX,Ciudad De Mexico,Centro-Histórico,Orders,14922,17134,17419,16987,16617,17416,17846,16692,16307
MX,Queretaro,QRO_CENTRO,Orders,14777,15010,14328,15460,15366,15725,16041,15456,15670
CO,Cartagena,Manga,Orders,14220,14163,14454,14623,14510,14392,14658,14149,14434
MX,Guadalajara,La tijera,Orders,13808,14113,14409,14855,14233,13980,15264,14451,14498
MX,Saltillo,SAL_Centro,Orders,13720,13998,14200,14437,13981,14133,14569,13992,14393
PE,Lima,Santa Anita,Orders,13578,14721,13993,13544,14178,13920,13722,13141,13809
CO,Chia,Chia,Orders,13562,12960,13438,13135,13506,13105,12723,13239,13428
PE,Lima,Comas,Orders,13518,14261,13687,13317,13829,13585,13868,12978,13932
AR,La Plata,Plaza italia,Orders,13419,12613,13893,13888,12901,12896,12878,12074,12789
CO,Cartagena,Marbella - Crespo,Orders,12795,12110,12430,11541,12660,11246,11507,11605,11793
CO,Cucuta,Cúcuta All,Orders,12770,13097,14113,14134,14562,15624,14129,15031,14718
MX,Merida,MID_FRANCISCO DE MONTEJO,Orders,12404,12965,13248,13569,13238,13113,13803,12491,13007
CO,Santa Marta,Centro,Orders,12177,11805,12363,12285,12795,12387,12301,12458,13433
PE,Lima,Chorrillos,Orders,11959,12123,11728,11933,12512,12238,12769,12078,12824
AR,Buenos Aires,San Isidro - Victoria,Orders,11859,11971,11839,11533,11553,12024,11540,11426,11747
CO,Barranquilla,Villa Campestre,Orders,11741,11412,11836,12052,12762,12586,12161,12373,11890
CO,Ibague,Guabinal,Orders,11696,11411,12075,11780,12283,12828,13030,13223,13249
PE,Lima,San Juan de Miraflores,Orders,11429,11598,11188,10969,11553,11262,11264,10640,11196
BR,Grande São Paulo,Se/Ipiranga,Orders,11422,11137,11197,10710,10387,10295,9891,9880,9509
MX,Ciudad De Mexico,Aragón-Ecatepec,Orders,11224,13126,14057,13656,13061,13683,14292,12424,12784
MX,Hermosillo,Hmo_Centro,Orders,10987,11095,11726,11826,11668,12391,12155,11472,11527
CO,Cali,Zona unico oriente,Orders,10869,10656,11171,10741,10368,10725,11154,10711,11183
BR,Grande São Paulo,SP - SP - Santo Amaro/Jabaquara,Orders,10808,10839,10710,10225,10316,10300,9774,9789,9458
MX,Monterrey,Santa Catarina,Orders,10280,10441,9872,10765,10571,10087,11118,10389,10556
AR,La Plata,Malvinas los hornos,Orders,10263,10136,10658,10467,10312,10171,10190,9689,10320
MX,Reynosa,Reynosa_centro,Orders,10157,9555,9249,9633,9319,9043,9277,9271,9349
MX,Merida,MID_CENTRO,Orders,10083,10456,10906,10852,10802,10653,10650,9978,10207
MX,Merida,MID_CAUCEL PONIENTE,Orders,10044,10482,10558,11130,10718,10643,11269,9674,10127
PE,Trujillo,Centro Trujillo,Orders,9929,10378,10119,10102,10932,11323,11314,10657,11347
MX,Monterrey,Centro,Orders,9818,10152,9703,10411,10195,9694,9810,10492,10664
MX,Guadalajara,Tlaquepaque,Orders,9810,9891,9959,10283,10223,9990,10286,9743,9765
AR,Buenos Aires,Lomas de Zamora - Banfield,Orders,9696,9405,9875,9384,9480,9482,9149,9440,9585
CO,Armenia,Centro,Orders,9627,9278,10152,9716,9835,9781,10420,9679,10350
MX,Monterrey,MTY_Guadalupe,Orders,9605,9785,9549,10693,10345,10114,11480,10587,10719
CO,Monteria,Centro,Orders,9548,9378,9839,9981,9800,9915,10281,10129,9973
CO,Chia,Cajicá,Orders,9359,8932,9404,9265,9110,9213,8709,9384,9165
MX,Ciudad De Mexico,Interlomas,Orders,9217,9710,10163,10434,10528,10081,11214,10333,11126
MX,Hermosillo,Hmo_Poniente,Orders,9185,8927,8893,9149,9009,8560,9226,8449,8728
MX,Nogales,Nogales,Orders,9057,8665,9194,9365,9182,8962,9068,8619,9180
PE,Arequipa,Cercado Arequipa,Orders,8994,9565,9084,9081,9533,9531,9262,9513,9379
MX,Queretaro,QRO_EL_PUEBLITO,Orders,8880,9120,8462,9582,9044,8956,9666,8859,8681
MX,Ciudad De Mexico,Bosques,Orders,8729,9734,9719,9866,9465,9408,10315,9414,9577
CO,Pereira,Pinares Sur,Orders,8688,8422,8638,8479,8975,9041,9379,9143,9203
MX,Monterrey,Escobedo,Orders,8664,8653,8753,9414,9445,8893,10174,9310,9762
CL,Santiago De Chile,lo_barnechea,Orders,8656,8537,8047,8327,8815,8434,5575,7797,8983
CO,Monteria,Norte,Orders,8548,7927,9202,8788,8415,8606,8734,8724,9055
MX,Cancun,Cun Centro,Orders,8483,8523,8693,8563,8610,8194,8075,7592,7551
EC,Quito,Carolina,Orders,8389,9303,9596,9428,9658,9603,9948,9440,9485
AR,Buenos Aires,Ramos,Orders,8321,8199,8360,8122,8254,8415,8128,7946,8375
MX,Veracruz,VER_Centro,Orders,7899,8275,8325,8040,8200,7929,8320,7916,8152
MX,Merida,MID_AMERICAS TEMOZON,Orders,7878,8608,9125,9591,9559,9206,9669,8648,9148
AR,Buenos Aires,Liniers - Lugano,Orders,7739,7479,7093,7193,7485,7485,7369,7439,7789
CO,Bucaramanga,Cacique y Sur,Orders,7654,7163,7552,7372,7153,6813,7061,6866,7321
CO,Armenia,Armenia Sur,Orders,7593,7446,7905,7479,7677,7618,8351,7567,8422
CO,Villavicencio,Villavo sur,Orders,7578,7188,8161,7816,7732,8055,7697,8149,7961
CO,Bucaramanga,Norte,Orders,7484,7104,7725,7576,7455,7269,7188,7078,7704
MX,Colima,Col_Col,Orders,7361,6791,6707,6725,6654,6487,7156,6668,6674
MX,Uruapan,Uruapan,Orders,7357,7412,7385,7127,7160,7009,7477,6813,7209
MX,Morelia,MOR Las Américas,Orders,7353,7812,8282,7845,8055,8060,8429,8047,8390
AR,Rosario,Rosario (Centro),Orders,7348,5450,6442,5870,6322,6280,5794,5137,5368
MX,Monterrey,La Fe,Orders,7343,7471,7188,7880,7491,7304,7895,7461,8033
MX,Torreon,Tor_sur,Orders,7341,7360,7160,7020,6693,6757,7256,6434,6974
CO,Pereira,Pinares_Dosquebradas,Orders,7341,7092,7830,7437,7623,7304,7829,7754,7686
MX,Puerto Vallarta,Pvr_puertovallarta,Orders,7125,7048,7076,6606,6523,6609,6754,6386,6451
CO,Manizales,centro,Orders,7073,6869,7472,7320,7698,7653,9009,8718,8750
MX,Playa Del Carmen,PDC_1,Orders,7011,7313,7306,7166,7055,6817,6989,6449,6771
CL,Santiago De Chile,La Florida San Joaquin,Orders,7005,7203,6557,7097,7191,7059,5827,6210,7231
AR,Buenos Aires,Lanus,Orders,6990,6491,6658,6404,6625,6734,6600,6447,6768
CL,Santiago De Chile,macul,Orders,6981,7008,6548,7123,7110,7072,6059,6473,7105
CO,Rionegro,Rio Negro,Orders,6948,6608,7270,7054,6909,6697,6115,6976,7087
MX,Merida,MID_KANANSIN,Orders,6939,6898,7410,7496,7400,7115,7415,6353,6424
CO,Villavicencio,Villavo Norte,Orders,6809,6987,6973,6874,6877,7198,7216,7260,7289
BR,Grande São Paulo,SP - SBC - Baeta/Santo André,Orders,6738,6929,6453,6254,6109,6231,5958,6007,5534
AR,Buenos Aires,Caseros - Bonich,Orders,6725,6653,6676,6576,6502,6486,6182,5825,6365
MX,Ciudad De Mexico,Coacalco,Orders,6677,8166,8866,8792,8350,8656,9285,7921,8109
MX,Culiacan,Barrancos_Primavera,Orders,6656,6597,6578,6550,6428,6731,7096,6603,6728
CO,Tunja,Tunja,Orders,6565,6003,6998,6462,6590,7467,8427,8446,8024
MX,San Luis Potosi,SLP_Centro,Orders,6564,6909,6785,6823,6818,6453,6870,6530,6588
BR,Rio De Janeiro,Botafogo,Orders,6516,6435,6163,6174,6141,6140,6243,6069,5925
MX,Culiacan,Centro,Orders,6461,6445,6762,6845,6747,7132,6964,6866,7010
BR,Recife,PE - REC - Zona Sul,Orders,6435,6295,6104,5659,5705,5644,5473,5663,5728
MX,Saltillo,SAL_Norte,Orders,6379,6514,6398,6604,6453,6489,6808,6461,6583
PE,Arequipa,Paucarpata,Orders,6377,6441,6316,6082,6595,6599,6432,6455,6434
MX,Puebla,San_sebastian,Orders,6333,6658,7155,7380,6879,6348,6893,5931,6413
MX,Oaxaca,Oax_Centro,Orders,6309,6484,6623,6534,6743,6598,6717,6880,6832
BR,Fortaleza,ce_for_aldeota/coco,Orders,6309,6198,6257,6280,6102,6102,5959,6147,6018
CO,Santa Marta,Troncal,Orders,6299,5759,6154,6063,6087,6036,6213,5974,6736
MX,Queretaro,QRO_CENTRO_SUR,Orders,6293,6513,6061,6716,6567,6586,6927,6469,6493
MX,Monterrey,MTY_Apodaca_Huinalá,Orders,6243,6086,5872,6329,6333,5942,6693,6297,6314
PE,Chiclayo,Centro Chiclayo,Orders,6175,6360,6222,6083,6965,6882,6981,7139,7244
MX,Veracruz,VER_Costa-Oro,Orders,6159,6506,6749,6520,6677,6479,6999,6605,6488
MX,Nuevo Laredo,Nlar_centro,Orders,6157,6160,6072,6030,5946,5874,5808,5759,5982
CO,Pereira,Cuba,Orders,6154,5828,6467,6097,6195,6097,6367,6357,6522
CO,Bogota,Bosa,Orders,6123,5702,5857,6384,5858,5763,6076,5823,6175
BR,Belo Horizonte,MG - BH -Centro Sul,Orders,6106,6168,6441,6249,5842,6442,6221,6281,5983
BR,Recife,PE - REC - Zona Norte,Orders,6042,5885,5591,5404,5460,5415,5206,5359,5472
MX,Monterrey,Apodaca Centro,Orders,5916,5955,5811,6461,6208,5764,6429,6284,6279
MX,Guadalajara,Tonalá,Orders,5866,5838,6157,6301,6126,6005,6578,5568,5486
AR,Mar Del Plata,MAR_DEL_PLATA_CENTRO,Orders,5865,5445,5759,5510,5371,5719,5916,5241,5568
MX,Tampico,Tam_aeropuerto,Orders,5782,6154,5732,5836,6014,6183,6343,6107,6133
CO,Manizales,Zona La Enea,Orders,5729,5341,5882,5829,6074,5933,6594,6608,6438
BR,Grande São Paulo,SP - SCS - São Caetano/Sacomã,Orders,5727,5613,5679,5263,5384,5446,5075,5059,4912
PE,Trujillo,Vista Alegre,Orders,5533,5494,5431,5502,6079,6190,6102,5739,6242
AR,Buenos Aires,Munro,Orders,5498,5295,5351,5146,5506,5534,5271,5440,5675
MX,Los Mochis,Moch_1,Orders,5373,5292,5264,5271,5105,5685,6168,5554,5805
MX,Saltillo,SAL_Mirasierra,Orders,5314,5336,5406,5413,5163,5243,5510,5123,5234
MX,Queretaro,QRO_REFUGIO_ZIBATA,Orders,5304,5639,5238,5974,5911,5740,6308,6325,6438
BR,Rio De Janeiro,Leblon,Orders,5286,5038,5197,5056,4778,4785,4916,4845,4807
CL,Santiago De Chile,la_reina_penalolen,Orders,5261,5243,4486,5075,5090,4966,4254,4447,5036
AR,Buenos Aires,San Justo - Villa Madero,Orders,5260,4987,4876,5003,5055,4954,4782,4590,5124
CO,Popayan,Popayan Centro,Orders,5229,4948,5419,5181,5192,5417,5563,5259,5460
AR,Buenos Aires,Moron - El Palomar,Orders,5206,4785,4761,4493,4978,5002,4743,4740,4944
MX,San Luis Potosi,SLP_Sendero,Orders,5152,5203,5076,5022,4998,4867,5418,4818,4823
MX,San Luis Rio Colorado,San Luis Río Colorado,Orders,5118,4939,5263,5141,4997,4853,4906,4869,4980
BR,Grande São Paulo,SP - SP - Mooca/Tatuapé,Orders,5044,4899,4908,4735,4716,4623,4468,4333,4301
AR,Buenos Aires,Villa Ballester,Orders,5015,4600,4398,4212,4542,4572,4370,4385,4491
MX,Torreon,Tor_centro,Orders,4975,5065,4929,4939,4882,4788,4753,4732,5401
MX,Tijuana,TIJ_Centro_Norte,Orders,4947,5083,5227,5034,5090,5010,5022,4826,4874
MX,Saltillo,SAL_El Mimbre,Orders,4933,4980,4740,4977,4706,4790,5015,4738,4553
MX,Culiacan,Valle_Alto,Orders,4922,5080,5107,5106,4767,4887,5296,4998,5029
MX,Playa Del Carmen,PDC_Villas_del_Sol,Orders,4877,5158,4791,4886,4753,4617,4818,4156,4675
MX,Cuernavaca,CVA-Norte,Orders,4864,4819,4866,4567,4404,4757,4826,4336,4547
PE,Lima,Campoy,Orders,4812,5165,4936,4824,5258,5078,5115,4730,5244
MX,Monclova,Monclova,Orders,4683,4567,4431,4288,4248,4191,4341,4279,4386
CO,Mosquera/ Funza,Mosquera - Funza,Orders,4680,4291,4484,4441,4569,4282,4534,4511,4551
MX,Torreon,Tor_norte,Orders,4679,4640,4682,4653,4533,4470,4850,4448,4596
MX,Queretaro,QRO_DELEG_FELIZ_OZORES,Orders,4676,4580,4279,4634,4477,4722,4843,4411,4410
AR,Buenos Aires,Bs As Sur Adrogue,Orders,4670,4482,4585,4595,4651,4745,4434,4563,4786
PE,Lima,San Juan de Lurigancho,Orders,4644,4780,4564,4356,4698,4558,4544,4362,4750
MX,Saltillo,SAL_Saltillo 2000,Orders,4617,4602,4457,4590,4303,4152,4332,4130,4050
BR,Rio De Janeiro,Ipanema,Orders,4524,4534,4255,4180,4125,4057,4098,4032,3767
MX,Cuernavaca,CVA-Centro,Orders,4512,4512,4724,4494,4479,4691,4720,4306,4232
CO,Neiva,Neiva Centro,Orders,4505,4187,4816,4564,4437,4581,4911,4745,4795
AR,Rosario,Rosario Shopping,Orders,4480,3623,4021,3849,4071,3997,3723,3222,3596
CL,Viña Del Mar,Plan Viña,Orders,4474,4666,4369,4368,4602,4649,3848,4497,4828
MX,Cancun,Cun_Los Héroes-Puerto,Orders,4445,4359,4512,4375,4171,4187,4350,3912,3639
CO,Cali,Alfaguara Jamundi,Orders,4413,4054,4518,4334,4382,4342,4424,4655,4583
CO,Pereira,Los molinos,Orders,4398,4310,4676,4504,4717,4654,4918,4988,4946
MX,Reynosa,Rey_florida,Orders,4388,4231,3870,3901,3702,3895,4029,3848,3960
MX,Monterrey,Carretera Nacional,Orders,4306,4262,4365,4741,4656,4294,4661,4381,4510
MX,Leon,LEO_Centro,Orders,4304,4363,4438,4539,4599,4621,4818,5148,4745
CO,Pasto,Pasto Villas del norte,Orders,4298,4013,4488,4374,4496,4553,4594,4357,4323
MX,Torreon,Tor_gomez_palacio,Orders,4265,4223,3991,4017,3794,3758,4058,3824,3629
CO,Soacha,Soacha,Orders,4251,4042,4323,4095,4020,3989,4156,4013,4039
MX,Xalapa,Xalapa Centro,Orders,4192,4587,4830,4842,4962,4850,5141,4700,4943
EC,Guayaquil,Samborondon,Orders,4172,5184,4630,4600,4444,4204,4359,4259,4225
CO,Manizales,Zona Villapilar,Orders,4144,4035,4320,4403,4554,4482,5170,4895,4978
MX,Toluca,Tol_Centro,Orders,4124,4192,4244,4195,4222,4070,4115,4309,4230
MX,Hermosillo,Hmo_Progreso,Orders,4097,3928,4043,4100,3914,3762,3937,3544,3407
MX,Puebla,San francisco,Orders,4008,4159,4369,4399,4482,4521,4530,4141,4132
EC,Guayaquil,Alborada,Orders,4002,4429,4332,4669,4537,4381,4477,4266,4350
CO,Ibague,Centro Ricaurte,Orders,3967,3999,4169,4053,4147,4349,4600,4703,4581
MX,Puebla,Cholula,Orders,3949,4178,4573,4665,4656,4533,4986,4527,4520
MX,Durango,Dgo_centro,Orders,3914,3881,3889,3874,3744,3773,3806,3753,4086
MX,Zamora,ZAM_Zamora_1,Orders,3910,4284,4104,4056,3994,3845,4241,3917,4205
PE,Piura,Residencial,Orders,3857,4081,4053,4139,4516,4743,4707,4805,5129
CO,Santa Marta,Zazue,Orders,3840,3394,2869,2699,2841,2904,2908,2800,3584
MX,Mazatlan,Maz_1,Orders,3772,3855,3606,3783,3602,3935,4035,3807,4137
PE,Lima,Huayna Capac,Orders,3769,3886,3559,3551,3907,3736,3888,3849,3919
CO,Medellin,Manrique_central,Orders,3763,3654,3823,3505,3215,3621,3804,3937,3832
BR,Rio De Janeiro,Copacabana,Orders,3758,3654,3672,3507,3329,3359,3285,3359,3185
MX,Aguascalientes,AGS_Trojes,Orders,3738,3845,3835,3949,3676,3729,3987,3658,3852
CO,Pereira,Cerritos,Orders,3714,3266,3721,3537,3676,3659,3729,3799,3910
MX,Other,Other,Orders,3698,3647,3692,3862,3663,3866,4109,3751,3810
PE,Lima,Callao,Orders,3661,3638,3536,3577,3745,3629,3813,3461,3710
BR,Curitiba,PR - CWB - Batel/Centro,Orders,3657,3801,3897,3688,3463,3548,3433,3647,3376
BR,Grande São Paulo,SP - BAR - Barueri,Orders,3636,3560,3580,3457,3407,3378,3407,3240,3226
MX,Ciudad De Mexico,Las Americas,Orders,3626,4577,4834,4768,4385,4477,4853,4153,4027
PE,Arequipa,Centro Historico Arequipa,Orders,3605,3929,3963,3816,4050,4037,4169,4135,4057
CO,Bogota,Tunjuelito,Orders,3592,3112,3300,3143,3294,3324,3349,3315,3369
MX,Queretaro,QRO_JURICA_JURIQUILLA,Orders,3541,3460,3400,3776,3629,3532,3724,3510,3497
MX,Pachuca,PCH Centro-Prepa 3,Orders,3483,3710,3600,3647,3745,3497,3692,3423,3647
AR,Cordoba,Cordoba Cofico,Orders,3460,3385,3465,3453,3666,3959,3824,3603,3685
MX,Mexicali,MXL_Centro_Norte,Orders,3456,3459,3431,3128,3401,3309,3427,3351,3476
BR,Grande São Paulo,SP - SP - Santana/Tucuruvi,Orders,3455,3367,3343,3090,3100,3124,3074,2914,2989
PE,Lima,Campo Fe Norte,Orders,3452,3546,3432,3403,3658,3539,3632,3269,3579
AR,Buenos Aires,Avellaneda - Sarandi,Orders,3421,3237,3210,3078,3370,3257,3185,3138,3257
CL,Other,Other,Orders,3419,3181,3230,4856,5246,5319,3556,5060,5839
BR,Rio De Janeiro,Tijuca,Orders,3410,3332,3149,3216,3213,3091,2969,2962,2902
CO,Santa Marta,Rodadero,Orders,3400,3277,3219,3061,3276,3193,3068,3185,3458
PE,Arequipa,Bustamante y Rivero,Orders,3392,3385,3279,3216,3565,3627,3390,3528,3475
MX,Guadalajara,Las Pintas-Aeropuerto,Orders,3372,3461,3582,3703,3723,3737,3885,3373,3578
MX,Campeche,CAMP Centro,Orders,3366,3325,3438,3440,3498,3315,3424,3147,3518
MX,La Paz,LA PAZ,Orders,3361,3405,3488,3314,3265,3260,3418,3265,3528
MX,Valle De Chalco,Valle_de_Chalco,Orders,3360,3612,3725,3455,3164,3221,3132,2698,2835
MX,Ciudad Del Carmen,Cd del carmen,Orders,3332,3332,3361,3335,3386,3260,3310,3017,3259
PE,Cusco,Centro Cusco,Orders,3326,3564,3952,3463,3452,3638,3547,3776,3797
MX,Culiacan,Villa_Universidad,Orders,3306,3312,3484,3425,3380,3501,3774,3494,3607
MX,Playa Del Carmen,PDC_Centro,Orders,3298,3526,3356,3400,3277,3169,3342,2889,3116
AR,Buenos Aires,Monte Grande,Orders,3290,2947,2859,2794,2920,2909,2821,2642,2857
MX,Matamoros,Mat_zona_centro,Orders,3288,3369,3228,3296,3044,3038,3102,2923,3066
MX,Aguascalientes,AGS_Centro,Orders,3287,3229,3493,3302,3241,3252,3320,3216,3065
MX,Ciudad Juarez,JRZ_SanLorenzo,Orders,3255,3292,3133,3138,2959,3240,3163,3075,3262
MX,Reynosa,Rey_benito_juarez,Orders,3235,2968,2827,2876,2824,2828,3002,2899,2930
MX,Coatzacoalcos,Coatzacoalcos,Orders,3194,3468,3412,3109,3218,3049,3212,2974,3063
AR,Buenos Aires,Castelar - Ituzaingo,Orders,3179,2947,2932,2857,2896,3059,2961,2968,2911
AR,Cordoba,CORDOBA_COLON,Orders,3152,3048,3066,3031,3404,3648,3537,3210,3474
MX,Saltillo,Sal_Ramos Arizpe,Orders,3152,3130,3018,3092,2989,2945,2993,2939,3055
BR,Rio De Janeiro,Jardim Oceanico,Orders,3142,3084,3054,3071,2984,2957,3064,2961,3002
CL,Santiago De Chile,la_cisterna_san_miguel,Orders,3138,3335,3198,3489,3592,3416,2960,3040,3457
CO,Sincelejo,Sincelejo,Orders,3130,3041,3238,3089,3157,3157,3365,3285,3291
MX,Mazatlan,Maz_2,Orders,3127,3098,3222,3048,2986,3096,3147,2937,3060
PE,Lima,Pumacahua,Orders,3117,3310,3078,3122,3274,3222,3256,2986,3238
AR,Cordoba,General Paz,Orders,3066,2920,3180,2999,3255,3738,3436,3124,3180
MX,Cancun,Cun_Hacienda-Valle Verde,Orders,3055,2843,2837,2810,2665,2330,2548,2208,2310
MX,Culiacan,21_de_Marzo,Orders,3055,3003,2979,2944,2925,3111,3285,3033,3122
MX,Mexicali,MXL_Sur,Orders,3036,2932,2914,2685,2749,2845,2786,2664,2818
EC,Guayaquil,Urdesa,Orders,3036,3359,3472,3449,3484,3328,3289,3215,3196
PE,Lima,La Florida,Orders,2979,3116,2895,2817,3045,3088,3084,2855,3058
CO,Barranquilla,Barranquilla sur,Orders,2960,2775,2973,2962,3045,3006,3054,2880,2930
AR,Buenos Aires,San Fernando - Tigre,Orders,2949,2752,2801,2622,2803,2857,2839,2765,2752
MX,Cancun,Cun Alfredo bonfil,Orders,2944,2944,2976,2833,2830,2645,2655,2531,2475
MX,Chilpancingo De Los Bravo,Chilpancingo Norte,Orders,2936,2940,2974,3096,2933,3073,3047,2826,3180
CO,Valledupar,La elvira,Orders,2870,2705,3222,3292,3235,3361,3613,3971,3748
AR,Neuquen,Neuquen Centro,Orders,2865,2778,2675,2521,2776,2672,2480,2551,2617
MX,Toluca,Tol_Toltepec-lerma,Orders,2842,2809,2977,2843,2917,2779,2971,2649,2712
MX,Ciudad De Mexico,CDMX_Cuautitlán_Izcalli_Centro,Orders,2841,3521,3405,3522,3279,3429,3652,3373,3258
AR,Mar Del Plata,MAR_DEL_PLATA_SUR,Orders,2839,2740,2816,2668,2627,2686,2652,2329,2447
CO,Valledupar,El viajero,Orders,2818,2636,2805,3035,3144,3359,3580,3749,3441
MX,Merida,MID_CHOLUL,Orders,2797,2872,3151,3128,3220,3241,3286,2853,2880
BR,Belo Horizonte,MG - BH - Buritis e Belvedere,Orders,2787,2854,2920,2958,2869,2908,2868,2875,2761
MX,Acapulco,ACA la costera,Orders,2779,2924,2914,2932,2892,2925,3063,2899,3039
MX,Hermosillo,Hmo_Sur,Orders,2756,2499,2464,2545,2351,2282,2259,2155,1992
AR,Cordoba,Cordoba Zona Sur,Orders,2746,2569,2515,2412,2727,3007,2769,2637,2656
MX,Ciudad Obregon,COB_OBREGON,Orders,2740,2765,2713,2839,2870,2821,2855,2624,2985
AR,Buenos Aires,Boulogne,Orders,2733,2496,2363,2286,2614,2491,2496,2344,2619
BR,Recife,PE - OLD - Zona Oeste,Orders,2723,2746,2486,2130,2258,2222,2089,2259,2139
MX,Ciudad Juarez,JRZ_Centro,Orders,2701,2740,2657,2726,2716,2743,2644,2782,2791
MX,Veracruz,VER_Río Medio-Amapolas,Orders,2694,2710,2872,2665,2788,2566,2897,2591,2437
PE,Cusco,Magisterio,Orders,2694,2520,2567,2599,2679,2714,2738,2631,3074
EC,Quito,Cumbaya,Orders,2685,3089,3331,3488,3592,3536,3329,3454,3340
MX,Cordoba,Cordoba,Orders,2670,2736,2819,2794,2782,2918,2792,2681,2671
CO,Barranquilla,Soledad,Orders,2635,2387,2589,2825,2761,2811,2698,2589,2684
CO,Palmira,Palmira oriente,Orders,2626,2489,2755,2604,2649,2742,2797,2565,2731
MX,Puerto Vallarta,Pvr_NuevoVallarta,Orders,2610,2429,2499,2528,2374,2401,2359,2308,2355
PE,Arequipa,Arequipa Sur,Orders,2610,2617,2527,2530,2619,2760,2588,2700,2643
MX,Toluca,Tol_Metepec,Orders,2599,2762,2705,2685,2517,2456,2825,2517,2561
MX,Cd. Victoria,CdVictoria_centro_Aguayo_Santander,Orders,2591,2697,2581,2556,2589,2531,2548,2702,2800
BR,Rio De Janeiro,Flamengo,Orders,2589,2512,2569,2636,2586,2522,2510,2578,2415
MX,Acapulco,ACA las brisas,Orders,2546,2634,2421,2135,2325,2546,2281,1996,1938
MX,Irapuato,Irapuato,Orders,2516,2456,2358,2341,2372,2343,2768,2499,2373
BR,Porto Alegre,RS - POA - Moinhos de Vento,Orders,2515,2533,2516,2455,2439,2388,2477,2388,2386
AR,Parana,Parana,Orders,2480,2228,2000,1915,2143,2086,1913,1690,1969
BR,Rio De Janeiro,Reserva,Orders,2466,2374,2494,2299,2298,2321,2382,2270,2279
MX,Tijuana,TIJ_Santa_Fe,Orders,2445,2362,2557,2431,2483,2440,2516,2297,2315
AR,San Miguel De Tucuman,Tucuman,Orders,2411,2007,2134,2071,2097,2084,1989,1939,2095
AR,Cordoba,CORDOBA_CERRO_ROSAS,Orders,2409,2275,2144,2147,2456,2717,2746,2387,2520
CL,Viña Del Mar,Concón,Orders,2400,2561,2282,2322,2404,2386,2456,2243,2577
MX,Cancun,Cun_Pedregal,Orders,2394,2362,2395,2357,2275,2238,2248,2030,2145
MX,Tuxtla Gutierrez,TUX Albania,Orders,2385,2433,2569,2487,2329,2228,2418,2146,2315
MX,Nuevo Laredo,Nlar_aeropuerto,Orders,2382,2405,2269,2209,2156,2085,2267,2152,2096
CO,Valledupar,San Jorge,Orders,2360,2537,2609,2699,2691,2765,3053,3064,2780
CO,Pereira,SAMARIA_2_PEI,Orders,2332,2215,2559,2375,2378,2427,2430,2557,2460
MX,Xalapa,Xalapa Bugambilias,Orders,2324,2712,2683,2625,2708,2557,2604,2536,2559
PE,Piura,Miraflores Centro,Orders,2321,2300,2332,2384,2327,2403,2364,2519,2657
BR,Grande São Paulo,SP - SP - Campo Limpo/Capão,Orders,2308,2347,2100,1930,1957,1905,1682,1746,1678
PE,Punta Hermosa,Sur Chico Playas,Orders,2307,2360,2443,2445,2619,2678,2591,2581,2815
AR,Rosario,Rosario Sur,Orders,2298,2108,2082,2036,2100,2044,1964,1776,1875
CO,Cartagena,La siriaca,Orders,2292,1980,2087,2140,2117,2103,2139,2075,2169
CO,Palmira,Palmira occidente,Orders,2280,2288,2562,2490,2404,2454,2644,2446,2696
MX,Tampico,Tam_Altamira,Orders,2263,2406,2410,2407,2595,2556,2531,2288,2505
EC,Guayaquil,Sauces,Orders,2253,2422,2406,2548,2528,2444,2576,2382,2515
MX,Piedras Negras,PDN_Piedras_Negras,Orders,2235,2227,2190,2274,1949,2181,2259,2194,2205
MX,Celaya,Celaya,Orders,2234,2338,2391,2234,2189,2173,2394,2222,2152
AR,Buenos Aires,Quilmes,Orders,2225,1935,1966,1930,1879,2014,1907,1889,1889
MX,San Jose Del Cabo,San Jose del Cabo,Orders,2224,2309,2235,2132,1816,2059,2143,1896,1995
BR,Grande São Paulo,SP - SP - Limao/Casa Verde,Orders,2211,2054,2053,1997,1979,2051,1733,1771,1760
BR,Rio De Janeiro,Barra,Orders,2204,2176,2084,2109,2063,2037,2142,2082,2009
CO,Rionegro,Llano_grande,Orders,2202,1980,2111,2090,1927,1925,1845,2108,2058
BR,Campinas,SP - CPS - Cambuí/Centro,Orders,2199,2232,2283,2142,2253,2279,2194,2213,2647
CL,Santiago De Chile,Recoleta,Orders,2190,2209,2118,2287,2249,2197,1882,1923,2196
CO,Cartagena,Centro Historico,Orders,2167,2443,2170,2193,2357,2118,2201,2237,2048
MX,Mexicali,MXL_Universidad,Orders,2155,2155,2283,2161,2181,2043,2145,2079,2190
MX,Ciudad De Mexico,CDMX_Cuautitlan_Melchor_Ocampo,Orders,2147,2572,2803,2773,2691,2686,2785,2660,2536
PE,Lima,El Carmen,Orders,2135,2226,2058,2087,2169,2142,2180,2016,2170
MX,Aguascalientes,AGS_Industrial Sur,Orders,2131,2108,2235,2186,2146,2107,2266,2041,2067
BR,Rio De Janeiro,Gavea,Orders,2125,2125,2059,2077,1901,1970,2008,2014,1897
MX,Villahermosa,VSA_Centro,Orders,2113,2035,1973,2037,1924,1834,2123,1812,1826
MX,Pachuca,PCH Zona Plateada,Orders,2108,2179,2365,2402,2379,2181,2331,2265,2279
BR,Curitiba,PR - CWB - Cristo Rei/Juveve,Orders,2085,1989,2001,1963,1947,2030,1875,1959,1928
CL,Santiago De Chile,San Carlos de Apoquindo,Orders,2053,2127,2066,2075,2241,2055,1599,1994,2101
MX,San Juan Del Rio,SAN JUAN DEL RIO,Orders,2041,2057,1870,2137,1938,1915,2013,1922,1917
MX,Xalapa,Xalapa Revolucion,Orders,2039,2153,2201,2037,2021,1892,2135,1905,1897
BR,Rio De Janeiro,Praia da Macumba,Orders,2036,1916,1950,1908,1885,1914,2020,1855,1839
AR,Cordoba,Nueva Cordoba,Orders,2007,1858,1915,1774,2056,2197,2052,1923,2111
MX,Pachuca,PCH_Calera-Saucillo,Orders,1988,2026,2085,2091,2056,1879,2083,1888,1907
MX,Tijuana,TIJ_Hipodromo,Orders,1977,1966,2101,2094,2041,1976,2053,1958,2018
MX,Chilpancingo De Los Bravo,Chilpancingo Sur,Orders,1956,1944,1876,2085,1935,2066,2058,1923,2141
MX,Chetumal,Chetumal,Orders,1937,2019,1937,2089,2198,1973,2181,2029,2066
MX,San Luis Potosi,SLP_Morales_Saucito,Orders,1937,1916,1935,1835,1855,1802,1941,1686,1819
MX,San Luis Potosi,SLP_Soledad,Orders,1929,1890,1911,1808,1847,1808,2067,1738,1832
AR,Cordoba,Sabattini Altamira,Orders,1929,1838,1856,1733,1960,2147,2035,1813,1900
MX,Leon,LEO_Sur,Orders,1919,1846,1942,1872,1948,1814,2011,1821,1648
MX,Toluca,Tol_Zinacantepec_Centro,Orders,1893,1924,1987,1898,1833,1707,1813,1764,1927
PE,Arequipa,Misti Norte,Orders,1873,1698,1734,1795,1989,1906,1877,1868,1950
MX,Aguascalientes,AGS_Canteras,Orders,1856,1818,1742,1743,1661,1881,1895,1765,1762
CL,Santiago De Chile,Independencia,Orders,1842,1773,1805,1972,2050,1971,1578,1739,1955
CO,Tulua,Tulua,Orders,1840,1643,1890,2026,1846,1833,1919,1940,2035
BR,Curitiba,PR - CWB - Novo Mundo,Orders,1827,2006,1995,1882,1795,1818,1738,1827,1733
CL,Viña Del Mar,Valparaíso,Orders,1814,1867,1712,1936,1971,1814,1387,1750,2071
MX,Campeche,CAMP Fidel Velazquez,Orders,1800,1747,1815,1816,1817,1677,1836,1660,1749
UY,Montevideo,Pocitos,Orders,1789,1699,1519,1628,1699,1751,1677,1613,1643
PE,Lima,Ate Centro,Orders,1768,1834,1707,1734,1956,1850,1854,1877,1969
MX,Chihuahua,CH_Periferico,Orders,1760,1727,1751,1675,1607,1640,1672,1543,1615
CL,Santiago De Chile,puente_alto,Orders,1756,1948,1857,2061,1988,2095,1653,1730,1929
MX,Durango,Dgo_fidel_velazquez,Orders,1753,1707,1826,1899,1790,1730,1981,1752,1819
CO,Girardot,Girardot,Orders,1752,1673,1429,1305,1248,1217,1383,1353,1544
MX,Villahermosa,VSA_Florida,Orders,1734,1657,1714,1702,1714,1546,1646,1494,1675
MX,Durango,Dgo_el_refugio,Orders,1730,1708,1630,1706,1611,1614,1681,1613,1647
MX,Tuxtla Gutierrez,TUX Jardines,Orders,1726,1833,1780,1789,1697,1654,1712,1623,1621
AR,Cordoba,Villa Adela,Orders,1708,1705,1643,1655,1801,1963,1819,1695,1746
MX,Toluca,Tol_Teconlógico-Bicentenario,Orders,1694,1844,1920,1835,1845,1813,1843,1768,1839
AR,Buenos Aires,Hurlingham,Orders,1691,1506,1375,1398,1517,1500,1358,1256,1446
PE,Arequipa,PichuPichu Este,Orders,1685,1697,1645,1694,1767,1713,1723,1688,1726
MX,Ciudad Juarez,JRZ_Torres,Orders,1683,1776,1840,1681,1693,1768,1744,1693,1691
BR,Grande São Paulo,SP - SP - Raposo/Rio Pequeno,Orders,1681,1578,1596,1507,1564,1547,1466,1397,1497
MX,Chihuahua,CH_TECNOLOGICO,Orders,1673,1731,1790,1601,1598,1541,1594,1373,1567
BR,Grande São Paulo,SP - SP - Vila Formosa/Carrao,Orders,1672,1756,1679,1593,1587,1502,1482,1531,1564
CO,Yopal,Yopal,Orders,1672,1623,1763,1698,1668,1730,1724,1666,1762
MX,Poza Rica De Hidalgo,Poza Rica Hidalgo,Orders,1671,1674,1844,1811,1848,1820,1810,1603,1613
MX,Pachuca,PCH Sur,Orders,1664,1815,1786,1736,1656,1674,1710,1581,1623
CO,Popayan,Popayan Norte,Orders,1648,1509,1666,1585,1611,1639,1791,1721,1795
BR,Rio De Janeiro,Recreio,Orders,1632,1526,1494,1494,1478,1447,1573,1462,1433
BR,Belo Horizonte,MG - BHZ - Cachoeirinha,Orders,1630,1626,1644,1543,1535,1627,1633,1621,1536
MX,Guaymas,Guaymas,Orders,1628,1538,1571,1511,1393,1460,1735,1493,1571
BR,Recife,PE - REC - Centro,Orders,1624,1599,1530,1426,1534,1340,1351,1423,1338
MX,Tepic,TEP_CENTRO_MOLOLOA,Orders,1620,1574,1635,1663,1706,1631,1643,1516,1628
MX,Tulancingo,TGO Centro,Orders,1618,1661,1771,1626,1687,1637,1751,1668,1599
MX,Cuernavaca,CVA-Temixco,Orders,1618,1648,1712,1591,1562,1665,1752,1442,1549
CO,Mosquera/ Funza,Madrid,Orders,1610,1298,1482,1486,1518,1476,1473,1482,1508
CO,Zipaquira,Zipaquira,Orders,1606,1456,1611,1632,1688,1601,1709,1573,1642
MX,Durango,Dgo_los_viñedos,Orders,1599,1621,1513,1540,1537,1464,1520,1457,1594
PE,Lima,Huachipa,Orders,1590,1603,1622,1480,1661,1607,1605,1496,1693
CO,Cartagena,Horizonte Campanos,Orders,1587,1524,1642,1530,1576,1579,1715,1641,1698
MX,Tijuana,TIJ_Insurgentes,Orders,1584,1585,1607,1561,1631,1610,1571,1547,1608
CL,Viña Del Mar,Reñaca,Orders,1574,1687,1518,1549,1634,1636,1619,1550,1710
MX,Tijuana,TIJ_Casa_Blanca,Orders,1559,1517,1428,1476,1412,1465,1458,1310,1343
AR,Rosario,Belgrano,Orders,1557,1578,1603,1472,1515,1554,1457,1257,1473
AR,La Plata,Gonnet,Orders,1547,1471,1473,1348,1399,1421,1387,1378,1401
CO,Barrancabermeja,Barrancabermeja,Orders,1542,1605,1764,1626,1702,1612,1590,1810,1797
MX,San Cristobal De Las Casas,San Cristobal de las casas,Orders,1516,1587,1623,1544,1607,1526,1639,1495,1548
EC,Quito,Centro de Quito,Orders,1497,1709,1728,1788,1827,1808,2001,1814,1853
AR,Mar Del Plata,MAR_DEL_PLATA_NORTE,Orders,1475,1326,1321,1276,1273,1416,1366,1126,1178
EC,Quito,Sur de Quito,Orders,1468,1758,1740,1802,1848,1775,1893,1702,1664
EC,Quito,El Inca,Orders,1467,1610,1609,1777,1700,1633,1762,1563,1650
BR,Rio De Janeiro,Centro,Orders,1454,1659,1596,1634,1557,1596,1499,1663,1455
BR,Belo Horizonte,MG - BH - Caiçara/Padre Eustáquio/Gameleira,Orders,1447,1484,1426,1404,1474,1397,1367,1400,1244
MX,Acapulco,ACA Las Playas,Orders,1443,1523,1458,1527,1480,1473,1434,1371,1376
CO,Cali,Puerta del Sol 2,Orders,1433,1320,1385,1310,1313,1305,1407,1266,1368
BR,Grande São Paulo,SP - OSC - Osasco,Orders,1424,1432,1326,1278,1303,1280,1154,1083,1020
AR,Salta,Salta_Centro,Orders,1422,1249,1314,1170,1253,1316,1311,1084,1283
AR,Buenos Aires,Nordelta,Orders,1401,1577,1405,1401,1478,1583,1560,1636,1763
MX,Tepic,TEP_SUR_XALISCO,Orders,1390,1339,1415,1384,1416,1397,1357,1133,1177
PE,Lima,San Juan de Lurigancho Centro,Orders,1372,1325,1353,1280,1260,1261,1183,1203,1403
AR,Corrientes,Corrientes,Orders,1370,1206,1371,1220,1301,1299,1097,1108,1317
MX,Aguascalientes,AGS_Pocitos,Orders,1368,1370,1385,1396,1324,1345,1398,1304,1370
MX,Morelia,MOR_Itzicuaro,Orders,1352,1407,1437,1382,1390,1276,1413,1267,1390
CO,Medellin,Alto_de_las_palmas,Orders,1349,1363,1644,1525,1565,1559,1512,1554,1425
UY,Montevideo,Centro,Orders,1334,1214,1157,1212,1319,1335,1323,1264,1417
MX,Tuxtla Gutierrez,TUX_San Francisco Real,Orders,1332,1406,1462,1491,1389,1366,1502,1258,1309
MX,Guanajuato,GUA_NORTE,Orders,1332,1405,1380,1378,1386,1386,1532,1391,1381
CO,Cali,Puerta del Sol,Orders,1331,1471,1396,1350,1272,1314,1452,1429,1537
AR,Buenos Aires,BERAZATEGUI,Orders,1309,1110,1093,966,1202,1139,1155,1144,1165
CO,Ibague,Mirolindo,Orders,1307,1317,1426,1333,1385,1437,1464,1510,1485
MX,Tijuana,TIJ_El_Refugio,Orders,1294,1248,1209,1147,1100,1063,1194,998,968
PE,Lima,Lucyana,Orders,1294,1390,1293,1157,1309,1254,1277,1251,1399
BR,Belo Horizonte,Ouro_preto/Dona_clara,Orders,1291,1389,1299,1289,1268,1375,1325,1228,1330
MX,Los Cabos,LCS_Los_cabos,Orders,1289,1392,1482,1343,1165,1222,1275,1162,1222
BR,Fortaleza,ce_for_centro/fatima/parquelandia,Orders,1267,1239,1155,1316,1197,1049,1067,1110,1043
AR,Mendoza,GRAN_MENDOZA_NORTE,Orders,1266,832,925,968,860,878,831,756,877
MX,Tampico,Tam_Madero,Orders,1262,1310,1243,1165,1148,1089,1088,995,983
MX,Matamoros,MAT Victoria,Orders,1258,1256,1254,1247,1119,1156,1129,1119,1201
AR,Bahia Blanca,BAHIA_BLANCA_SUR,Orders,1248,1123,1065,909,1016,917,888,805,907
MX,San Miguel De Allende,SMA Centro,Orders,1239,1186,1205,1192,1181,1353,1404,1242,1257
MX,Tijuana,TIJ_Otay_Industrial,Orders,1228,1191,1357,1240,1218,1317,1292,1151,1162
CO,Bucaramanga,Piedecuesta,Orders,1226,1066,1171,1062,1178,1052,1276,1120,1250
MX,San Luis Potosi,SLP_penasco,Orders,1220,1216,1245,1157,1200,1091,1274,1148,1158
AR,Bahia Blanca,BAHIA_BLANCA_NORTE,Orders,1210,1144,1284,1203,1103,1169,1051,972,1162
EC,Quito,Carcelen Industrial,Orders,1198,1303,1381,1379,1437,1384,1347,1231,1247
AR,Santafe,Santa Fe,Orders,1197,802,929,852,859,811,743,687,875
MX,Cuautla,Cuautla,Orders,1192,1178,1229,1089,1070,1122,1120,999,958
AR,Buenos Aires,Merlo Moreno,Orders,1177,1003,977,855,912,1034,995,1101,1058
PE,Lima,Centro Lima Red,Orders,1167,1301,1200,1182,1241,1122,1188,1200,1184
MX,Atlacomulco,ATL Atlacomulco,Orders,1154,1159,1173,1200,1101,1012,1067,1065,1109
MX,Pachuca,PCH Bosques-Universidad,Orders,1142,1079,1108,1108,1087,972,1092,969,1012
AR,Cordoba,Racing Club,Orders,1138,1085,1044,1013,1085,1241,1191,1145,1106
MX,Tampico,Tam_Centro,Orders,1125,1075,1022,1078,1131,1154,1156,1107,1087
BR,Porto Alegre,RS - POA - Partenon,Orders,1124,1133,1243,1151,1110,1127,1112,1037,999
CO,Ibague,Jardin,Orders,1124,1203,1294,1117,1203,1280,1229,1266,1322
EC,Guayaquil,Naval Sur,Orders,1118,1256,1249,1297,1210,1240,1252,1235,1300
MX,Mexicali,MXL_NuevoMexicali,Orders,1114,1130,1071,1020,1059,987,1024,925,1032
MX,Rosarito,Rosarito,Orders,1109,1023,1032,995,1084,952,1093,1036,979
AR,Cordoba,Cordoba Zona Norte,Orders,1105,1128,1278,1134,1243,1478,1468,1257,1247
PE,Lima,Zona La Victoria Red,Orders,1101,1109,1082,1081,1171,1214,1194,1069,1187
MX,Tapachula,Tapachula,Orders,1082,1170,1146,1161,1148,1087,1227,1017,1092
MX,Chihuahua,CH_Centro,Orders,1078,1032,1091,1047,939,1062,1090,869,987
CL,Santiago De Chile,la_pintana_el_bosque,Orders,1062,1144,1111,1276,1132,1044,916,944,1139
BR,Rio De Janeiro,Sao Conrado,Orders,1060,1060,1008,974,959,1010,1070,950,921
MX,Minatitlan,Minatitlán,Orders,1059,1075,996,983,964,1009,993,998,957
MX,Veracruz,VER_Boca,Orders,1034,1093,1144,1050,1058,978,1083,1021,1082
MX,Mexicali,MXL_Los Portales,Orders,1031,1057,1036,916,959,903,927,866,874
MX,Tulum,TUL_Tulum,Orders,1031,1005,1012,929,891,828,945,909,955
CO,Barranquilla,Parque Alegra,Orders,1017,987,987,1050,1016,1016,1091,943,1041
EC,Quito,Antiguo Aeropuerto,Orders,1016,1281,1283,1292,1256,1316,1393,1280,1329
PE,Cusco,Larapa,Orders,1013,980,1021,1017,1080,1115,1044,1051,1196
BR,Grande São Paulo,SP - SP - Vila Matilde/Penha,Orders,1008,970,977,910,881,896,834,811,815
MX,Matamoros,MAT Treviño,Orders,1008,1068,1006,989,929,909,971,913,943
AR,Buenos Aires,San Miguel,Orders,1007,865,775,707,851,859,825,846,872
MX,Manzanillo,MNZ Santiago Centro,Orders,995,1115,1002,975,971,910,1013,974,938
MX,Monterrey,Independencia,Orders,992,960,910,982,935,906,993,930,1000
EC,Quito,Condado,Orders,982,1229,1218,1200,1232,1297,1264,1220,1280
AR,Buenos Aires,EZEIZA,Orders,972,836,872,835,857,859,856,818,882
MX,Piedras Negras,PDN Seccion 1,Orders,971,949,938,914,830,894,912,888,916
CL,Viña Del Mar,Interior V región,Orders,968,1007,970,1020,1004,1075,895,1035,1173
CO,Fusagasuga,Fusagasuga,Orders,967,895,911,881,917,840,832,852,827
MX,Texcoco,Texcoco,Orders,951,1014,1008,1030,961,936,962,885,874
CO,Riohacha,Riohacha,Orders,950,931,1074,1006,1009,958,931,1053,1055
AR,San Luis,SAN_LUIS,Orders,948,953,857,893,930,923,746,739,829
BR,Brasilia,DF - BSB - Asa Sul/Asa Norte,Orders,946,991,939,825,869,924,832,906,793
MX,Leon,LEO_Libramiento,Orders,941,970,977,999,991,879,952,827,822
EC,Quito,Vicentina- Floresta,Orders,940,998,964,1037,1147,1119,1130,1059,1045
CL,Santiago De Chile,Pudahuel,Orders,933,943,887,1026,1012,997,871,837,1045
MX,Tuxtla Gutierrez,TUX Teran,Orders,931,992,998,1043,955,910,1030,957,1000
EC,Quito,La Morita II,Orders,927,993,1047,1041,1089,1056,1166,1067,1082
EC,Guayaquil,Ceibos,Orders,920,1137,1057,1143,1170,1034,1055,1040,1062
BR,Fortaleza,ce_for_e_queiroz/cambeba/cid_dos_fun,Orders,919,979,937,1048,1309,1164,1329,1374,750
CO,Cali,Cali sur,Orders,908,824,877,883,852,883,906,919,814
CO,Chia,Cota,Orders,903,813,843,914,808,869,818,878,903
BR,Natal,RN - NAT - Zona Sul,Orders,900,926,827,885,881,849,865,906,805
MX,Leon,LEO_Las Joyas-Plan,Orders,897,914,999,997,914,1005,1044,958,923
MX,Tehuacan,Tehuacán,Orders,894,828,793,752,827,781,862,708,726
CL,Santiago De Chile,Cerrillos,Orders,885,974,882,1074,1061,1091,915,876,1024
MX,Zamora,ZMA Jacona,Orders,884,886,827,840,857,781,875,829,862
MX,Cozumel,CZM Cozumel,Orders,883,918,876,849,900,838,888,805,939
MX,Morelia,MOR_Puerto_Buenavista_Aldea,Orders,875,842,911,914,939,947,947,956,924
AR,Buenos Aires,PACHECO,Orders,869,796,776,769,777,797,825,800,834
MX,Ensenada,ENS_Ensenada_1,Orders,848,790,838,878,793,827,839,814,750
BR,Santos,SP - SSZ - Santos / São Vicente,Orders,844,824,810,820,743,798,747,728,705
CL,Antofagasta,Antofagasta Centro,Orders,841,912,899,833,852,934,898,884,1032
CL,Concepcion,Conce Centro,Orders,840,980,1071,1061,1021,1054,617,812,896
MX,Villahermosa,VSA_Sendero,Orders,836,760,807,783,767,725,735,715,655
BR,Natal,RN - NAT - Zona Leste/Zona Oeste,Orders,835,847,718,716,700,711,668,704,682
CO,Cartago,Cartago,Orders,814,760,849,812,848,875,840,859,791
BR,Grande São Paulo,SP - SP - Mandaqui,Orders,811,805,765,758,795,748,635,606,633
PE,Lima,Rosa Luz,Orders,806,831,828,836,858,795,796,796,867
EC,Quito,Monteserrin,Orders,802,914,883,925,970,903,946,982,1040
BR,Curitiba,PR - CWB - Centro Civico/Merces,Orders,798,858,808,798,695,828,737,730,694
CO,Bucaramanga,Giron,Orders,796,878,979,796,834,866,856,890,978
BR,Grande São Paulo,SP - SP - Jaguará/Pirituba,Orders,795,828,735,804,837,759,739,708,675
PE,Arequipa,Cerro Verde Suroeste,Orders,790,765,761,748,779,778,748,823,829
CO,Bogota,Arrayanes,Orders,782,808,825,806,852,872,848,885,870
PE,Ica,Puente_Blanco,Orders,775,815,873,850,862,818,880,855,901
PE,Trujillo,La Esperanza,Orders,756,757,737,811,832,911,917,873,852
BR,Rio De Janeiro,Maracana,Orders,747,839,728,680,664,658,657,678,606
CL,La Serena,La_Serena,Orders,746,973,939,949,903,1140,1002,1025,1102
PE,Huancayo,Lamblaspata,Orders,733,673,716,648,751,779,807,897,892
UY,Montevideo,Nuevocentro,Orders,731,695,618,696,784,773,799,753,763
PE,Lima,La Taboada,Orders,726,740,680,746,734,735,754,696,715
BR,Grande São Paulo,SP - SP - Jardim Sao Luis,Orders,715,695,742,698,675,652,591,628,625
PE,Ica,Centro Ica,Orders,711,932,923,820,933,908,886,885,966
MX,Manzanillo,MAN_Playa_Azul,Orders,699,747,751,788,749,763,693,673,666
CO,Cucuta,Villa del Rosario,Orders,698,766,815,787,867,893,875,903,905
AR,Mendoza,GRAN_MENDOZA_GODOY,Orders,697,533,491,462,503,524,552,478,532
EC,Quito,Iñaquito Alto,Orders,687,784,782,780,815,828,789,757,761
EC,Quito,Valle,Orders,682,890,905,851,931,870,807,813,750
MX,Tijuana,TIJ_Buenos_Aires,Orders,678,726,767,696,660,721,703,699,670
BR,Curitiba,PR - CWB - Bigorrilho,Orders,676,723,718,638,663,706,684,641,644
MX,San Luis Potosi,SLP_Pozos,Orders,674,670,645,628,650,566,579,516,648
BR,Curitiba,PR - CWB - Bacacheri/Santa Candida,Orders,672,675,650,596,651,649,622,694,610
CL,Santiago De Chile,Maipú,Orders,667,682,600,741,740,845,631,646,755
CL,Antofagasta,Antofagasta Sur,Orders,663,685,767,763,728,710,585,695,801
MX,Tijuana,TIJ_Florido_Mariano,Orders,657,714,729,636,626,616,650,559,613
MX,Leon,LEO_Campestre,Orders,652,614,627,689,731,645,729,623,647
CO,Duitama,Duitama,Orders,649,621,669,548,654,581,613,594,624
MX,Morelia,MOR_Villa_Tzipekua,Orders,644,623,641,701,671,580,681,575,596
MX,Salamanca,Salamanca,Orders,641,658,674,663,608,594,678,659,603
AR,Posadas,Posadas,Orders,638,587,631,678,670,639,582,577,722
BR,Campinas,SP - CPS - Taquaral,Orders,634,675,652,582,672,697,603,639,729
CO,Barranquilla,Concepción,Orders,627,646,577,674,786,645,674,674,682
PE,Lima,San Gabriel Alto,Orders,623,621,645,582,542,556,522,560,546
AR,San Juan,SAN_JUAN_NORTE,Orders,621,410,465,396,375,422,366,385,424
AR,Buenos Aires,Claypole,Orders,620,595,501,533,637,560,566,539,628
BR,Rio De Janeiro,Cidade Nova,Orders,619,683,585,570,579,602,581,567,516
MX,Garcia,GAR Los nogales,Orders,617,614,578,626,698,717,823,680,672
AR,Rio Cuarto,RIO_CUARTO,Orders,604,459,482,397,470,461,432,442,417
EC,Guayaquil,Los Almendros,Orders,600,647,685,708,715,712,683,615,621
MX,Campeche,CAMP Aeropuerto,Orders,600,593,595,584,615,561,635,571,606
CO,Bogota,Usme,Orders,600,533,567,591,571,574,560,532,559
BR,Campinas,SP - CPS - Jardim Trevo,Orders,599,559,647,613,575,583,539,579,514
EC,Guayaquil,Atarazana,Orders,598,673,676,677,670,631,655,587,588
MX,Guasave,GSV Guasave,Orders,591,612,582,584,601,612,690,569,600
BR,Grande São Paulo,SP - SP - Itaquera,Orders,587,675,556,557,600,504,440,426,412
EC,Quito,Valle de los Chillos,Orders,581,755,780,690,689,728,740,671,692
AR,Rosario,Rosario Norte,Orders,569,523,501,575,585,575,543,443,435
BR,Belo Horizonte,MG - BHZ - Extremo Leste,Orders,567,599,570,520,520,524,464,545,528
BR,Campinas,SP - CPS - Mansões,Orders,557,570,602,540,557,528,498,563,617
MX,Atlixco,ATL Centro,Orders,555,579,669,674,661,544,661,561,599
AR,San Juan,SAN_JUAN_OESTE,Orders,541,430,482,431,435,466,396,371,431
AR,Santiago Del Estero,SANTIAGO_DEL_ESTERO,Orders,538,395,418,427,400,397,392,363,447
PE,Huancayo,Huancayo centro,Orders,534,499,517,489,582,561,545,632,650
MX,Oaxaca,OAX Morelos,Orders,531,589,537,557,562,529,571,540,551
CO,Sogamoso,Sogamoso Sur,Orders,516,416,512,461,513,531,498,508,513
BR,Recife,PE - JdG - Piedade/Candeias,Orders,514,552,501,471,491,432,401,442,381
BR,Grande São Paulo,SP - GRU - Centro,Orders,505,586,488,461,427,410,379,301,246
EC,Quito,Calderon,Orders,504,591,553,554,565,542,604,503,517
MX,Orizaba,OZA Jalapilla,Orders,494,484,549,530,531,474,496,491,526
MX,Dolores Hidalgo,DLH Dolores Hidalgo,Orders,493,533,530,556,541,530,554,567,536
PE,Huancayo,Acocancha,Orders,492,440,553,580,723,654,670,800,772
BR,Grande São Paulo,SP - SP - Vila Medeiros/Vila Maria,Orders,489,448,434,432,388,402,334,305,288
AR,Bariloche,BARILOCHE_CENTRO,Orders,484,385,495,583,333,320,383,397,511
CO,Ibague,El Salado,Orders,479,439,498,461,502,463,536,514,535
PE,Cajamarca,San Jose,Orders,473,420,484,464,482,478,438,388,491
PE,Ica,La Angostura,Orders,472,461,453,468,524,509,572,586,577
BR,Rio De Janeiro,Jacarepagua,Orders,471,534,513,519,492,464,446,509,442
AR,Cordoba,Valle Escondido,Orders,467,444,455,484,515,537,569,478,516
AR,Salta,Salta_Tres_Cerritos,Orders,461,426,454,422,427,440,467,413,499
EC,Cuenca,Centro de cuenca,Orders,456,499,546,562,571,825,1017,820,839
CL,Santiago De Chile,Quilicura,Orders,456,427,419,479,433,368,280,342,455
MX,Zacatecas,ZAC Tres Cruces,Orders,452,463,476,455,477,472,554,467,536
AR,Resistencia,RESISTENCIA,Orders,452,390,438,397,422,423,382,359,449
BR,Niteroi,Centro / Icaraí,Orders,446,470,434,452,490,429,411,426,399
AR,Buenos Aires,Bs As Sur Barrio San Jose,Orders,441,434,446,393,441,423,442,441,475
MX,Zacatecas,ZAC Telefe,Orders,439,475,485,501,520,484,569,494,506
MX,Silao,SIL Centro,Orders,438,407,424,438,426,409,472,451,439
CO,Santa Marta,Oriente,Orders,435,343,328,284,270,301,268,292,307
PE,Piura,Villa California,Orders,435,368,354,376,370,336,393,354,436
BR,João Pessoa,PB - JPA - João Pessoa,Orders,434,351,378,380,361,360,308,395,289
CO,Buga,Buga,Orders,432,450,458,432,454,445,538,496,482
MX,Valle De Bravo,VDB_Valle_De_Bravo,Orders,431,460,449,358,329,600,509,354,410
MX,Atlixco,ATL Valle Sur,Orders,429,462,433,434,381,407,391,350,399
MX,Orizaba,OZA Mirador,Orders,425,477,505,513,481,450,465,428,533
BR,Grande São Paulo,SP - SP - Socorro/Cidade Dutra,Orders,421,391,345,359,424,406,306,369,308
BR,Porto Alegre,RS - POA - Passo da Areia,Orders,404,486,488,473,453,394,437,434,394
CO,Cali,Yumbo,Orders,404,424,485,474,438,460,487,476,539
MX,Iguala De La Independencia,IgualaOps1,Orders,400,488,453,425,463,425,440,372,337
MX,Pachuca,PCH Tlapacoya -Banus,Orders,400,366,451,467,450,434,416,381,388
MX,Tlaxcala,TXL Apizaco,Orders,397,378,395,445,413,360,415,332,407
MX,Navojoa,Navojoa,Orders,397,397,376,396,414,455,518,432,436
MX,Aguascalientes,AGS_Jesus Maria,Orders,389,330,331,342,313,333,319,324,306
MX,Tulancingo,TGO Jaltepec,Orders,387,422,408,378,423,370,421,425,381
MX,Fresnillo,FRS Centro,Orders,384,440,416,425,399,383,462,401,378
MX,Guanajuato,GUA_SUR,Orders,383,404,401,387,419,410,435,355,410
AR,Mendoza,GRAN_MENDOZA_SUR,Orders,379,238,238,189,206,229,225,193,204
CL,Concepcion,Trebol Marina,Orders,379,415,423,394,455,470,359,382,408
CL,Santiago De Chile,Renca,Orders,377,380,347,355,397,357,273,268,369
EC,Guayaquil,Portete,Orders,377,465,478,523,516,520,524,418,438
EC,Guayaquil,Villa Club,Orders,376,526,470,518,462,498,492,448,395
MX,Lazaro Cardenas,LCS Centro,Orders,373,326,452,355,404,429,473,465,361
MX,Delicias,Delicias,Orders,373,282,331,311,323,358,383,369,376
EC,Quito,Llano Grande,Orders,371,461,444,442,430,453,481,432,441
PE,Ica,Parcona,Orders,366,371,345,387,416,366,412,401,435
AR,Tandil,TANDIL,Orders,360,366,426,555,536,509,528,466,528
BR,Belo Horizonte,Gloria/Chacaras_Pampulha,Orders,359,409,400,356,386,399,368,375,354
UY,Montevideo,Malvin,Orders,351,344,335,338,337,331,352,326,350
BR,Curitiba,PR - CWB - Boqueirão/Cajuru,Orders,338,349,338,339,330,325,304,304,257
PE,Cajamarca,Cesar Tello,Orders,331,358,352,327,374,370,413,369,415
BR,Recife,PE - OLD - Olinda,Orders,328,354,287,239,314,309,224,281,269
CL,Rancagua,Rancagua Centro,Orders,325,379,390,455,471,492,424,435,494
CO,Florencia,Florencia,Orders,324,351,352,326,336,323,320,323,290
BR,Goiânia,GO - GYN - Centro,Orders,322,383,315,316,331,248,231,245,215
EC,Guayaquil,El Dorado,Orders,316,389,384,377,356,353,392,365,348
AR,La Rioja,LA_RIOJA,Orders,316,276,298,338,318,258,289,353,369
EC,Guayaquil,Via la Costa Oeste,Orders,313,397,398,413,378,337,365,357,325
MX,Ensenada,ENS_Ensenada_2,Orders,305,302,324,319,290,314,358,305,327
BR,Rio De Janeiro,Vargem Pequena,Orders,303,313,283,330,319,280,332,340,254
EC,Guayaquil,Orquideas,Orders,302,362,315,372,383,366,342,334,325
BR,Recife,PE - REC - Afogados,Orders,299,326,333,279,244,251,223,246,245
PE,Ica,Santo_Domingo,Orders,294,288,293,292,337,282,319,319,338
EC,Quito,Nayon,Orders,289,360,351,362,312,340,348,332,324
BR,Rio De Janeiro,Meier,Orders,286,312,244,250,277,297,267,231,196
BR,Fortaleza,ce_for_montese/aero/castelao,Orders,273,247,245,262,266,242,178,219,196
EC,Guayaquil,Casa Laguna,Orders,272,336,333,318,329,359,344,349,317
CL,Iquique,Iquique,Orders,271,280,325,312,276,319,269,265,267
MX,Tulancingo,TGO La Rayuela,Orders,270,242,263,237,264,234,212,223,201
CR,San Jose,San_Jose_Centro,Orders,267,307,258,282,294,288,280,282,279
AR,San Juan,SAN_JUAN_SUR,Orders,266,255,231,203,222,213,201,176,228
PE,Huancayo,Chilca,Orders,264,265,220,284,284,273,281,343,365
MX,Tuxpam,TUX_Centro,Orders,253,288,328,299,345,324,373,333,307
BR,Grande São Paulo,SP - CPB - Carapicuíba,Orders,251,273,250,239,271,232,232,219,197
MX,Leon,LEO_Industrial,Orders,250,281,303,260,278,305,290,263,243
AR,Buenos Aires,PILAR,Orders,249,186,159,119,163,171,175,201,207
EC,Quito,Sur - este,Orders,247,325,318,326,279,295,312,317,284
MX,Atlacomulco,ATL San Lorenzo,Orders,242,263,271,222,262,211,244,231,192
BR,Recife,PE - REC - Areia/Ibura/Jordão,Orders,242,213,236,216,272,212,181,205,197
MX,Cadereyta De Jimenez,CENTRO CAD,Orders,238,268,271,282,276,253,328,240,276
BR,São Jose Dos Campos,SP - SJC - São José dos Campos,Orders,233,307,257,261,202,211,154,171,133
BR,Niteroi,Santa_Rosa,Orders,233,249,201,216,211,190,177,185,182
AR,Villa Carlos Paz,Carlos Paz,Orders,231,196,172,153,182,188,200,204,196
CL,Puerto Montt,Puerto Montt,Orders,229,213,229,282,303,373,291,299,286
EC,Guayaquil,Ciudad Celeste,Orders,227,261,237,272,256,209,295,253,280
CL,Antofagasta,Antofagasta Norte,Orders,224,235,207,223,220,247,242,277,288
BR,Fortaleza,ce_for_dunas/mdb/p_do_futuro/porto,Orders,223,185,221,192,174,189,159,179,165
EC,Quito,Carcelen,Orders,220,262,290,342,327,322,294,283,262
MX,Tlaxcala,TLX Tlaxcala Centro,Orders,218,227,235,243,250,242,218,247,213
CL,La Serena,Coquimbo,Orders,218,237,265,299,264,345,342,308,319
AR,Mendoza,GRAN_MENDOZA_MAIPU,Orders,216,186,155,178,170,169,194,120,119
MX,Zacatecas,ZAC Mecanicos,Orders,211,230,198,228,216,230,278,198,250
PE,Lima,San Luis Red,Orders,209,178,157,144,164,170,189,134,182
BR,Campinas,SP - VCP - Barão Geraldo/Alphaville,Orders,208,211,195,196,204,205,148,177,147
PE,Lima,Huaycan,Orders,206,226,208,215,216,221,235,237,254
PE,Piura,Enace,Orders,200,232,210,185,229,224,217,214,248
BR,Rio De Janeiro,Taquara,Orders,200,187,169,183,175,144,130,165,158
CL,Concepcion,San Pedro,Orders,198,177,191,203,236,217,181,165,211
BR,Ribeirão Preto,SP - RAO - Norte,Orders,198,247,200,234,255,211,178,190,186
BR,Salvador,BA - SSA - Barra / Ondina,Orders,195,185,108,103,155,178,114,85,105
MX,Lazaro Cardenas,LCS La Orilla,Orders,194,144,192,170,178,209,240,224,174
BR,Campinas,SP - CPS - Gramado,Orders,193,239,196,203,186,217,206,219,260
BR,Rio De Janeiro,Sao Cristovao,Orders,193,202,165,159,187,187,184,151,160
BR,Ribeirão Preto,SP - RAO - Sul,Orders,190,192,190,181,187,176,191,148,179
CL,Santiago De Chile,chicureo,Orders,183,166,171,161,157,163,106,163,167
BR,Other,ce_for_dunas/mdb/p_do_futuro/porto,Orders,182,165,181,152,30,,,,
MX,Tula De Allende,TDA Centro,Orders,180,189,154,182,176,147,160,145,151
CR,San Jose,Guadalupe_Sabanilla,Orders,179,177,188,188,207,190,199,207,204
BR,Grande São Paulo,SP - SP - Tremembe,Orders,177,213,181,188,133,137,115,112,110
CL,Santiago De Chile,San Bernardo,Orders,177,236,220,276,226,237,216,226,256
BR,Niteroi,Sao_Francisco,Orders,177,181,183,167,154,176,159,177,163
AR,Buenos Aires,DEL_VISO,Orders,176,144,140,127,142,182,161,181,150
CR,San Jose,San_Pedro_Curri_3R,Orders,176,151,169,153,174,182,180,245,203
BR,Rio De Janeiro,Fregesia,Orders,176,191,171,160,154,166,173,169,156
BR,Curitiba,PR - CWB - Santa Felicidade,Orders,175,247,194,206,193,193,187,213,196
CL,Viña Del Mar,Curauma,Orders,175,205,216,213,198,208,150,227,223
EC,Santa Elena / Salinas / Libertad,Salinas,Orders,174,120,110,100,121,124,82,105,107
BR,Grande São Paulo,SP - SP - Granja Viana,Orders,173,160,161,159,178,128,152,120,110
MX,Tlaxcala,TLX San Gabriel Cuauhtla,Orders,172,153,161,164,185,167,176,127,151
BR,Fortaleza,ce_for_pici/joquei_c/parangaba,Orders,172,160,169,291,230,197,209,181,134
MX,Tlaxcala,TLX CHIAUTEMPAN,Orders,172,159,183,185,184,175,213,166,148
PE,Trujillo,Huanchaco,Orders,170,168,164,168,137,161,164,185,174
MX,Zacatecas,ZAC Centro,Orders,169,203,168,159,175,195,184,212,172
CL,Calama,Calama,Orders,168,171,191,174,138,170,126,114,141
EC,Guayaquil,Via la costa Este,Orders,168,217,196,208,193,188,213,189,195
BR,Brasilia,DF - BSB - Águas Claras,Orders,167,239,198,165,250,210,185,208,181
CL,Temuco,Temuco_Centro,Orders,167,172,173,227,178,198,128,125,157
CL,Rancagua,Manzanal,Orders,165,167,188,211,210,182,179,157,195
MX,Fresnillo,FRS Colosio,Orders,163,193,178,196,189,151,199,134,161
EC,Portoviejo,Portoviejo,Orders,161,178,120,134,114,136,118,108,123
AR,San Salvador De Jujuy,JUJUY,Orders,158,132,113,155,118,146,147,129,155
PE,Lima,Alameda Norte,Orders,156,167,161,165,191,194,205,201,218
CL,Talca,Talca,Orders,156,179,185,199,136,172,103,128,151
BR,Rio De Janeiro,Cachambi,Orders,155,153,164,154,146,147,145,161,132
PE,Ica,San_Joaquin,Orders,155,167,206,187,173,189,173,167,176
UY,Montevideo,Prado,Orders,152,191,165,158,153,136,141,136,135
BR,Grande São Paulo,SP - GRU - Jardim Matarazzo,Orders,151,153,130,132,140,120,102,127,108
AR,San Miguel De Tucuman,Yerba Buena,Orders,150,92,130,80,95,99,98,104,101
EC,Cuenca,Batan,Orders,150,175,180,171,162,232,282,216,270
CO,Bogota,Siberia,Orders,150,165,142,167,158,164,148,177,200
EC,Manta,Manta Beach,Orders,147,130,81,86,129,87,62,133,80
BR,Natal,RN - NAT - Parnamirim/Centro,Orders,147,138,122,139,126,109,128,119,114
BR,Curitiba,PR - CWB - CIC,Orders,144,149,141,158,165,174,199,233,168
AR,Cordoba,VILLA_ALLENDE,Orders,144,90,108,107,110,125,124,132,115
PE,Trujillo,El Porvenir,Orders,143,133,145,142,131,131,132,114,127
MX,Tecate,TCE Tecate,Orders,143,97,112,112,93,99,86,83,105
BR,Belo Horizonte,Santa_amalia/Venda_Nova,Orders,139,157,146,156,167,126,117,113,87
EC,Guayaquil,Prosperina,Orders,137,143,137,147,170,149,153,160,162
CL,Santiago De Chile,Colina,Orders,137,128,133,160,119,137,120,131,161
EC,Guayaquil,Matices,Orders,135,144,145,159,147,118,160,152,140
BR,Grande São Paulo,SP - OSC - Baronesa/Jardim Elvira,Orders,130,111,122,117,117,132,101,95,92
CL,Santiago De Chile,Población San Joaquin,Orders,129,132,166,147,153,128,154,134,130
BR,Fortaleza,ce_for_p_kennedy/a_bezerra/v_velha,Orders,128,154,130,121,111,189,150,136,110
MX,Cadereyta De Jimenez,Refineria_Cad,Orders,126,182,154,168,146,128,155,136,132
BR,Rio De Janeiro,Piedade,Orders,125,129,134,126,151,145,118,129,106
BR,Juiz De Fora,MG - JDF - Juiz de Fora,Orders,124,161,105,91,124,101,139,101,93
BR,Rio De Janeiro,Ilha do Governador,Orders,124,106,106,129,117,106,126,128,108
BR,Aracaju,SE - AJU - Aracaju,Orders,122,233,114,149,193,178,145,171,118
AR,La Plata,City Bell,Orders,118,125,110,122,119,131,130,130,114
EC,Quito,Eden del Valle,Orders,117,162,126,139,146,176,150,140,132
MX,Tula De Allende,TDA El Llano,Orders,115,90,85,102,84,91,108,102,97
MX,Orizaba,OZA El Bejucal,Orders,114,137,116,122,111,99,110,119,106
BR,Goiânia,GO - GYN - Jd. Novo Mundo,Orders,113,121,103,109,78,85,85,71,83
BR,Maceio,AL - MCZ - Maceió,Orders,113,125,97,68,116,89,67,64,83
MX,Los Cabos,LCS_El_Tezal,Orders,112,138,140,129,110,119,143,134,110
PE,Other,Other,Orders,111,113,109,98,102,110,78,110,129
EC,Guayaquil,Metropolis,Orders,106,160,151,163,163,147,168,143,126
EC,Guayaquil,Via a Daule,Orders,104,106,133,113,127,117,103,66,114
BR,Other,Other,Orders,104,16,13,12,10,17,9,15,2
MX,Tula De Allende,TDA San Marcos,Orders,104,101,92,107,91,103,116,109,98
BR,Belem,PA - BEL - Belém,Orders,102,122,95,144,141,97,87,130,102
CL,Los Angeles,Los Ángeles,Orders,102,77,84,116,85,87,52,63,59
MX,Ciudad Valles,VALL Centro,Orders,101,50,59,82,86,107,110,80,98
BR,Campinas,SP - CPS - JD Novo Campos Eliseos/Pauliceia,Orders,100,118,113,119,122,104,107,101,89
EC,Guayaquil,Villa del Rey,Orders,98,115,121,114,134,58,19,13,22
BR,Rio De Janeiro,Méier Norte,Orders,96,118,84,83,82,86,55,69,68
CL,La Serena,Las_Compañias,Orders,96,122,140,110,122,117,140,139,153
PE,Lima,Ventanilla Alta,Orders,95,95,52,67,80,90,94,78,102
MX,Tlaxcala,TLX San Esteban,Orders,95,89,96,102,100,103,94,84,79
EC,Guayaquil,Mapasingue,Orders,94,126,149,145,134,124,133,127,148
CL,Copiapo,Copiapó,Orders,92,111,106,109,129,99,89,116,131
MX,Zacatecas,ZAC Progresista,Orders,91,87,73,90,86,98,134,91,97
AR,Salta,ALVARADO_PULLAY,Orders,89,80,86,88,51,70,77,63,71
CR,San Jose,Heredia,Orders,88,75,64,88,103,88,68,115,72
BR,Curitiba,PR - CWB - Pinheirinho/Sítio Cercado,Orders,88,82,99,92,95,85,72,78,90
BR,Belo Horizonte,MG - BHZ - Barreiro,Orders,86,118,101,96,75,106,88,77,82
CL,Chillan,Chillán,Orders,85,60,78,94,87,66,87,49,41
EC,Quito,Pifo,Orders,84,65,81,74,88,87,75,81,97
BR,Sorocaba,SP - SOR - Sorocaba,Orders,82,111,101,116,118,93,87,104,64
MX,Tuxpam,TUX_Tampamacchoco,Orders,82,98,97,105,95,96,108,99,117
MX,Zacatecas,ZAC Campesina,Orders,81,93,58,57,61,53,75,66,62
MX,Moroleon,URO_Moroleón Centro,Orders,80,77,72,65,79,79,61,60,52
BR,Belo Horizonte,MG - CON - Industrial,Orders,79,81,60,66,75,40,50,44,56
BR,Brasilia,DF - BSB - Guará,Orders,78,79,57,63,53,61,52,83,62
BR,Recife,PE - JbG - Guararapes,Orders,75,102,76,80,67,63,58,88,60
PE,Chiclayo,Obrero Municipal,Orders,75,80,82,96,109,84,85,101,85
PE,Chimbote,Nuevo Chimbote,Orders,74,74,78,67,86,81,75,66,86
PE,Piura,La Molina,Orders,73,66,69,81,95,88,95,92,89
CL,Quillota,Quillota,Orders,73,81,68,93,63,74,72,67,82
EC,Cuenca,Monay,Orders,73,104,88,98,102,111,195,126,128
MX,Orizaba,OZA Ciudad Mendoza,Orders,72,79,64,79,72,74,83,72,81
BR,Campinas,SP - CPS - Extremo Sul Divisa,Orders,72,69,69,82,84,72,68,66,64
BR,Recife,PE - REC - Estância/Jiquiá,Orders,71,74,91,65,63,71,53,56,45
EC,Cuenca,El Vecino,Orders,71,64,75,58,76,84,139,132,123
BR,Niteroi,Barreto,Orders,70,74,101,82,91,99,85,91,115
BR,Brasilia,DF - BSB - Lago Norte,Orders,69,46,61,49,57,52,48,57,50
EC,Manta,Centro de Manta,Orders,68,75,59,88,67,72,73,76,75
PE,Cajamarca,Baños del Inca,Orders,68,74,67,55,69,67,70,77,89
PE,Lima,Pachacutec,Orders,68,77,61,63,82,66,72,59,65
BR,Recife,PE - JbG - Prazeres,Orders,67,84,78,82,117,89,76,108,67
MX,Tlaxcala,TLX Santa Cruz Tetela,Orders,66,51,58,74,58,49,52,64,65
EC,Quito,Forestal,Orders,64,77,87,72,71,83,74,72,79
BR,São Jose Do Rio Preto,SP - SJR - São José do Rio Preto,Orders,63,110,93,73,69,89,51,71,47
AR,San Fernando,Catamarca,Orders,63,44,42,67,52,44,48,51,51
PE,Chimbote,Bolivar,Orders,63,76,59,55,45,58,67,62,66
BR,Grande São Paulo,SP - GRU - Jardim Pres. Dutra,Orders,62,70,55,57,60,27,25,36,27
EC,Guayaquil,Buijo,Orders,60,70,96,104,71,69,109,115,76
BR,Other,ce_for_centro/fatima/parquelandia,Orders,60,57,36,60,8,,,,
BR,Natal,RN - NAT - Zona Norte,Orders,60,120,60,51,64,65,57,54,39
BR,Jundiai,SP - JUN - Jundiaí,Orders,58,70,48,52,51,42,40,32,29
BR,Other,RS - POA - Passo da Areia,Orders,57,5,,,,,,,
BR,Belo Horizonte,MG - BHZ - Condominios Nova Lima,Orders,57,57,64,63,44,57,61,64,64
BR,Porto Alegre,RS - POA - Sul,Orders,56,53,56,68,45,63,39,44,56
BR,Fortaleza,ce_for_l_redonda/sabiaguaba,Orders,56,39,49,44,60,57,42,48,51
CL,Santiago De Chile,autopista_central,Orders,56,73,72,81,81,84,58,65,89
EC,Guayaquil,Duran,Orders,55,55,64,67,61,65,83,62,54
CR,San Jose,Escazú,Orders,54,58,49,57,45,59,43,53,37
MX,Cadereyta De Jimenez,CAD EL MILAGRO,Orders,54,49,59,69,53,63,55,44,52
CO,Sogamoso,Sogamoso Norte,Orders,54,47,61,49,39,58,49,52,56
PE,Chimbote,Bellamar,Orders,53,37,38,47,52,38,50,36,38
BR,Salvador,BA - SSA - Rio Vermelho / Horto Florestal,Orders,53,78,72,62,68,53,48,42,41
PE,Chimbote,Florida,Orders,51,31,42,46,49,49,45,42,53
EC,Machala,La cuatro mil,Orders,51,58,37,74,56,57,67,67,53
CO,Bogota,Other,Orders,51,52,54,57,51,46,52,36,59
PE,Lima,Ate Norte,Orders,50,92,67,50,48,60,57,54,69
PE,Piura,Castilla,Orders,50,52,39,44,55,58,34,48,66
EC,Quito,Pusuqui,Orders,50,57,69,72,73,87,82,81,79
BR,Santos,DOM Canto do Forte PRG,Orders,49,52,62,44,40,38,64,51,48
BR,Brasilia,DF - BSB - Lago Sul,Orders,48,41,37,44,37,39,26,38,29
BR,Salvador,BA - SSA - Pituba,Orders,48,74,50,47,44,36,23,20,36
MX,Tecate,TCE Santa Anita,Orders,47,49,48,44,51,66,64,44,62
BR,Uberlandia,MG - UBE - Uberlândia,Orders,45,42,57,64,36,43,29,22,33
EC,Quito,Pisuli,Orders,44,65,53,86,53,64,65,55,73
MX,Tecate,TCE Los Maestros,Orders,44,73,78,77,89,75,80,57,67
EC,Ambato,Miraflores,Orders,43,52,39,35,40,43,33,40,37
MX,Tlaxcala,TLX Altiplano,Orders,43,42,49,57,57,59,69,51,40
PE,Mancora,Mancora_Pocitas,Orders,43,36,33,28,25,29,24,29,23
BR,Rio De Janeiro,Oswaldo Cruz,Orders,42,43,45,39,50,56,31,82,53
MX,Moroleon,URO_Centro,Orders,41,49,52,42,61,54,51,37,35
PE,Chimbote,Caceres aramayo,Orders,41,55,57,79,69,56,61,56,60
MX,Ciudad Valles,VALL EMILIANO ZAPATA,Orders,41,15,23,24,26,40,38,31,43
UY,Montevideo,Carrasco,Orders,41,53,52,53,46,40,56,46,52
CO,Bello,Popular,Orders,40,16,36,33,29,21,33,39,39
BR,Belo Horizonte,MG - BH - Contagem,Orders,38,40,28,37,17,14,18,18,31
AR,Lujan,LUJAN,Orders,37,30,29,36,25,30,24,22,33
CL,Temuco,U_Catolica,Orders,37,38,12,13,20,24,19,8,6
CO,San Gil,San Gil,Orders,36,25,25,29,26,23,33,21,32
BR,Rio De Janeiro,Rio das Pedras,Orders,36,37,36,30,27,38,37,39,34
BR,Other,ce_for_messejana/jangurussu,Orders,36,18,23,17,9,,,,
BR,Porto Alegre,RS - POA - Navegantes,Orders,36,23,31,32,34,36,41,34,39
EC,Santo Domingo,Centenario,Orders,34,61,49,50,51,62,39,54,46
MX,Ciudad Valles,VALL Sur,Orders,34,35,15,24,32,19,27,31,30
BR,Fortaleza,ce_for_messejana/jangurussu,Orders,33,37,23,32,21,16,26,33,23
MX,Comitan De Dominguez,CMD Centro,Orders,33,26,19,16,26,27,24,19,26
CO,Facatativa,Facatativa,Orders,33,31,31,23,42,41,55,33,44
BR,Porto Alegre,RS - POA - Leste,Orders,31,31,24,25,34,35,17,32,18
BR,Niteroi,Regiao_oceanica,Orders,30,30,29,28,25,32,28,50,14
BR,Campinas,SP - CPS - Swiss Park,Orders,30,16,29,31,27,23,35,25,15
BR,Recife,PE - REC - Jardim São Paulo,Orders,29,26,21,16,23,33,24,30,26
MX,Tlaxcala,TLX San Diego Metepec,Orders,29,33,24,37,36,18,24,29,37
PE,Lima,Villa Club,Orders,29,47,40,35,29,50,53,49,39
EC,Machala,Raito de luz,Orders,29,31,32,42,33,22,15,19,29
EC,Santo Domingo,Bomboli,Orders,27,29,15,19,12,15,15,18,15
EC,Quito,Caupicho,Orders,27,41,27,32,34,32,32,34,48
BR,Porto Alegre,RS - POA - Sarandi,Orders,27,50,36,43,35,43,29,35,20
EC,Ambato,Centro de Ambato,Orders,27,39,32,28,23,42,43,33,45
BR,Londrina,PR - LND - Londrina,Orders,26,47,28,38,64,40,33,32,24
MX,Cadereyta De Jimenez,CAD DOCE DE OCTUBRE,Orders,26,33,21,22,20,16,28,20,17
MX,Tuxpam,TUX_Santiago_de_La_Peña,Orders,24,31,28,26,29,28,36,23,25
BR,Campinas,SP - VCP - Jardim Santa Cruz,Orders,23,19,19,14,16,11,4,26,11
BR,Other,ce_for_e_queiroz/cambeba/cid_dos_fun,Orders,23,14,38,33,8,,,,
BR,Rio De Janeiro,Campo Grande,Orders,23,32,21,38,53,26,17,29,30
AR,San Rafael,SAN_RAFAEL,Orders,22,23,47,54,53,26,19,25,47
MX,Tlaxcala,TLX San Pedro Muñoztla,Orders,22,36,22,13,27,25,18,18,13
EC,Ambato,Floresta,Orders,21,32,18,15,16,27,16,19,15
CL,Concepcion,Talcahuano,Orders,21,15,25,18,26,28,18,21,19
MX,Acuña,ACU Centro,Orders,20,26,18,20,25,18,17,8,16
CO,Other,Other,Orders,20,14,13,15,12,13,17,6,16
MX,Atlixco,ATL La Joya,Orders,19,19,16,10,10,5,15,9,12
BR,Jundiai,Varzea Paulista,Orders,18,5,8,3,5,3,3,8,2
AR,Buenos Aires,ESCOBAR,Orders,17,19,23,12,18,26,17,51,32
EC,Quito,San Martin de Porras,Orders,16,20,15,16,18,5,9,17,24
BR,Niteroi,Piratininga / Itaipu,Orders,15,22,15,24,23,14,19,31,25
AR,Santafe,SANTA_FE_UNIVERSIDAD,Orders,15,5,13,5,12,14,11,12,16
AR,Buenos Aires,MASCHWITZ,Orders,15,15,13,4,8,11,7,35,25
BR,Campinas,SP - CPS - Sousas,Orders,15,9,15,9,9,15,7,9,7
BR,Florianopolis,SC - FLN - Centro,Orders,14,17,11,12,20,10,11,14,17
BR,Niteroi,São Gonçalo,Orders,14,22,12,12,15,9,6,8,6
EC,Quito,Argelia Alta,Orders,14,14,20,19,27,17,18,19,26
CR,San Jose,Santa Barbara,Orders,14,14,9,11,7,9,8,8,11
EC,Quito,Mitad del Mundo,Orders,14,37,42,38,45,38,47,47,58
BR,Other,PB - JPA - João Pessoa,Orders,13,8,12,7,2,,,,
CL,Rancagua,Machali,Orders,13,23,15,18,19,20,25,13,13
BR,Campo Grande,Campo Grande Expansión,Orders,13,5,20,4,10,7,12,6,4
PE,Mancora,Vichayito,Orders,13,8,2,,15,17,3,8,9
BR,Curitiba,PR - SJP - São José dos Pinhais,Orders,13,16,17,16,18,15,25,16,15
BR,Campinas,SP - CPS - Vila Boa Vista,Orders,13,23,16,20,18,11,23,20,10
BR,Rio De Janeiro,Nova iguaçu,Orders,13,49,18,10,12,26,16,15,8
MX,Ciudad Guzman,CDG La Hacienda,Orders,12,12,14,15,17,11,10,13,14
CR,Cartago,Cartago_Oriental,Orders,12,9,5,6,4,1,5,11,4
BR,Salvador,BA - SSA - Imbui Piatã,Orders,12,14,23,19,24,13,17,15,11
MX,Ciudad Valles,VALL Valles Norte,Orders,12,4,2,8,3,8,7,16,5
EC,Machala,Las Palmeras,Orders,11,21,22,20,17,7,13,23,27
MX,Lazaro Cardenas,LCS Puerto,Orders,11,15,16,19,14,12,17,12,15
CR,San Jose,Santa Ana,Orders,11,21,14,20,14,22,20,10,10
BR,Balneario Camboriu,SC - BAL - Balneário,Orders,11,25,8,12,19,18,21,13,21
BR,Other,BA - SSA - Imbui Piatã,Orders,10,5,4,5,2,,,,
MX,Comitan De Dominguez,CMD Las Flores,Orders,10,4,7,6,6,3,3,4,2
BR,Other,DF - BSB - Águas Claras,Orders,10,19,25,17,4,,,,
EC,Machala,Jambeli,Orders,10,10,11,12,8,11,8,8,8
BR,Jundiai,Fazenda Grande,Orders,10,5,4,13,13,13,11,4,10
CL,Santiago De Chile,Other,Orders,10,12,9,9,15,16,17,15,21
BR,Other,ce_for_passare/modubim,Orders,10,7,11,13,5,,,,
PE,Lima,Los Halcones,Orders,10,11,10,16,18,16,15,17,12
BR,Piracicaba,Piracicaba MP,Orders,9,6,6,3,1,5,3,4,
MX,Ciudad Guzman,CDG Centro,Orders,9,10,13,16,7,10,15,12,16
BR,Other,RS - CAN - Canoas,Orders,9,30,8,,,,,,
EC,Guayaquil,Valle Alto,Orders,8,9,7,4,4,,5,2,3
MX,Acuña,ACU Macroplaza,Orders,8,5,14,12,12,10,8,5,5
BR,Campinas,SP - VCP - Jardim Santa Lúcia,Orders,8,9,6,4,5,7,7,4,3
BR,Rio De Janeiro,Bangu,Orders,8,12,6,11,4,4,9,7,5
BR,Teresina,PI - THE - Teresina,Orders,8,17,3,5,5,1,,2,2
BR,Campinas,Cidade Satélite,Orders,8,4,1,4,3,5,1,1,2
BR,Londrina,Leonor,Orders,7,10,6,7,7,5,26,7,2
CL,Santiago De Chile,Santiago_poniente,Orders,7,6,5,6,11,6,3,9,16
BR,Rio De Janeiro,Nilópolis / Mesquita,Orders,7,4,11,5,11,4,1,12,13
BR,Florianopolis,SC - FLN - São José,Orders,7,4,15,19,14,11,1,11,5
BR,Florianopolis,SC - FLN - Trindade,Orders,7,4,6,7,10,20,5,14,5
BR,Salvador,BA - LDF - Lauro de Freitas,Orders,7,8,3,3,6,6,1,5,6
BR,Florianopolis,SC - FLN - Continente,Orders,6,5,9,2,6,1,3,8,4
MX,Ocotlan,OCN Centro,Orders,6,1,1,11,3,2,8,2,2
BR,Florianopolis,SC - FLN - Ilha Sul,Orders,6,1,1,1,3,,4,,2
BR,Aracaju,Other,Orders,6,2,6,4,5,6,4,3,3
EC,Manta,Jesus de Nazaret,Orders,6,17,12,8,10,10,10,9,18
PE,Lima,Plaza de Acho Red,Orders,6,10,8,4,8,5,13,7,2
BR,Other,SP - JUN - Jundiaí,Orders,6,6,7,5,2,,,,
CO,Pasto,OBONUCO,Orders,6,2,2,1,3,1,,6,5
UY,Other,Other,Orders,6,,,,,,,,
MX,Rio Verde,RVE Rio Verde Centro,Orders,5,7,2,1,5,3,1,3,3
BR,Piracicaba,Piracicaba,Orders,5,9,6,6,1,4,2,2,1
BR,Fortaleza,ce_for_passare/modubim,Orders,5,5,8,7,3,8,6,3,1
MX,Teziutlan,TEZ_San Diego,Orders,5,3,4,2,8,1,3,3,2
MX,Ciudad Mante,CiudadManteOps1,Orders,5,5,3,7,7,6,4,7,3
BR,Santos,Vilao Sao Jorge,Orders,4,5,1,1,1,,15,2,
BR,Guaruja,Guarujá MP,Orders,4,20,8,12,8,5,14,2,4
BR,Paulinia,DOM JARDIM AMERICA PAU,Orders,4,1,2,2,1,3,2,2,
MX,Coatzacoalcos,CTZ Allende,Orders,4,2,6,1,4,3,4,3,5
CO,Pitalito,Pitalito,Orders,4,6,1,5,3,4,1,8,2
BR,Bauru,FS Parque Jardim Europa/Vila Riachuelo - BAU,Orders,3,3,2,,1,,,2,1
BR,Hortolândia,DOM PARQUE HORTOLANDIA HOR,Orders,3,1,10,5,11,7,3,12,5
BR,Florianopolis,SC - FLN - Ilha Norte,Orders,3,12,10,14,10,4,12,6,10
MX,Tulancingo,TGO Cuautepec,Orders,3,3,2,4,5,5,3,2,3
BR,Taubate,Taubaté MP,Orders,3,2,3,,,,,2,1
CO,Barranquilla,Malambo,Orders,3,1,,1,1,3,1,,4
BR,Campina Grande,Campina Grande FS,Orders,3,1,4,1,1,2,1,,
BR,Florianopolis,SC - FLN - Coqueiros,Orders,3,5,4,6,11,10,6,7,5
CL,Santiago De Chile,Farellones,Orders,3,2,,,,,,,
BR,Indaiatuba,Parque Boa EsperanÃƒÂ§a - IND,Orders,3,,4,2,1,1,,2,
MX,Lagos De Moreno,LDM Centro,Orders,3,1,1,3,,2,1,,1
CR,San Jose,Urbanizacion La Paz,Orders,3,3,3,2,1,,,,1
BR,Foz Do Iguaçu,PR - FOZ - Vila Militar,Orders,3,1,6,,,1,,4,1
MX,Tula De Allende,TDA Santa María Ilucan,Orders,3,8,3,5,2,7,5,3,4
BR,Campinas,SP - VCP - Jardim Itatinga,Orders,3,,3,3,2,4,2,4,2
BR,Limeira,FS PARQUE REAL LIM,Orders,2,,,,,,,,
EC,Cuenca,Chaullabamba,Orders,2,2,1,4,4,1,4,,3
CO,Pasto,Pasto Pucalpa,Orders,2,1,1,2,6,3,2,1,3
BR,Indaiatuba,Centro - IND,Orders,2,2,2,1,,6,2,4,1
BR,Americana,DOM JARDIM GIRASSOL AME,Orders,2,1,5,2,3,4,,1,2
CR,Alajuela,ALJ Alajuela Centro-desamparados,Orders,2,2,2,5,3,,1,11,3
BR,Macae,MP Centro/Imbetiba MEA,Orders,2,3,,,,,1,,
BR,Mogi Guaçu,Mogi Guaçu MP,Orders,2,,,,,1,,,
BR,Rio De Janeiro,Caxias,Orders,2,8,3,4,2,3,8,6,2
BR,Foz Do Iguaçu,PR - FOZ - Centro,Orders,2,,3,1,,,3,,
MX,Teziutlan,TEZ_Centro,Orders,2,6,2,1,3,5,4,3,2
CO,Santa Marta,ZAZUE ESTE,Orders,2,1,,1,,3,1,3,
BR,Aracaju,Eduardo Gomes,Orders,2,5,2,2,2,3,,1,
BR,Joinville,MP Atiradores JOI,Orders,2,,2,8,1,1,,1,2
BR,Blumenau,FS Petrópolis/Centro/Jardim Blumenau BNU,Orders,2,,,,,1,1,,2
MX,La Piedad,LPD Centro,Orders,2,4,5,5,6,5,5,6,3
BR,Aracaju,Japãozinho,Orders,2,,3,1,1,1,2,2,1
UY,Montevideo,Barra MVD3,Orders,2,,,4,5,3,5,12,13
BR,Campinas,Jardim Ouro Verde,Orders,2,2,4,2,2,4,4,3,1
BR,Foz Do Iguaçu,PR - FOZ - Jardim Jupira,Orders,2,1,5,2,4,2,,1,
BR,Mogi Das Cruzes,Centro - MOG,Orders,2,,,2,1,,,1,1
BR,Vitoria,Vitoria FS,Orders,2,2,2,2,2,2,1,2,1
BR,Cabo Frio,DOM PARQUE CENTRAL CAF,Orders,2,1,,1,,,,,
BR,Santos,Jardim Bechara,Orders,2,,1,,,,,,
BR,Maringa,MP Tropical/Vila Vardelina/Jardim Imperial 1 y 2/ Parque Res. Cidade Nova MGF,Orders,2,,1,,,4,3,,
BR,Campinas,Jardim Nova America,Orders,2,2,,,,,1,1,
BR,Indaiatuba,Expansao Vila Costa e Silva - IND,Orders,2,,1,1,,,2,1,1
BR,Manaus,Manaus FS,Orders,1,,,,4,,2,1,
BR,Blumenau,MP Velha/Asilo BNU,Orders,1,,1,,,,,,
BR,Joinville,Joinville - BAO VISTA,Orders,1,,,,,,,,
CL,Arica,Arica,Orders,1,,,,,1,,,
BR,Campina Grande,Campina Grande MP,Orders,1,1,2,2,1,2,2,,2
MX,Lazaro Cardenas,LCS Playa Erendira,Orders,1,,1,,1,,1,,1
BR,Uberaba,Uberaba 2,Orders,1,,1,,,1,,,1
BR,Itapema,PPR Itapema EMA,Orders,1,,,1,,,,,
BR,Novo Hamburgo,MP Operário/Guarani/Vila Nova NHA,Orders,1,,,,,1,,,
BR,Vitoria,Vitoria MP,Orders,1,,1,1,,1,,,
CR,Cartago,Paraiso MZ,Orders,1,,,1,,,1,,1
BR,Limeira,MP JARDIM SANTO ANDRÉ LIM,Orders,1,,,1,,,1,,
CR,Cartago,Quircot,Orders,1,1,,,1,2,1,,
BR,Londrina,Cinco Conjuntos,Orders,1,,,1,5,2,,,3
AR,Other,Other,Orders,1,3,3,6,1,4,2,4,3
BR,Blumenau,FS Vila Nova/Boa Vista/VIctor Konder BNU,Orders,1,1,,,1,2,,3,
BR,Valinhos,SP - VCP - Valinhos,Orders,1,2,1,,6,,,1,
BR,Rio De Janeiro,Belford Roxo,Orders,1,7,2,2,8,1,10,2,2
CR,Alajuela,ALJ Ciruelas,Orders,1,,,,,,,,1
BR,Maringa,MP Jardim Aclimação/Vila Bosque/Vila Marumby/Chácara Paulista MGF,Orders,1,1,1,,1,,1,,1
BR,Bauru,FS Vila Bonfim/Vila Universitária/Higienópolis - BAU,Orders,1,5,2,2,3,,3,4,2
BR,Araraquara,SP - ARA - Jardim universal,Orders,1,,2,,,,,1,
BR,São Carlos,USP - QSC,Orders,1,1,,1,,1,1,,
MX,Tlaxcala,TXL San José,Orders,1,,,1,1,,1,1,
BR,Bauru,MP Jardim Marambá/Vila Monlevade - BAU,Orders,1,,1,,,,,,
BR,Cuiaba,Cristo Rei,Orders,1,2,,1,1,,,,
EC,Other,Other,Orders,1,,2,,2,,2,1,1
BR,Sertãozinho,Sertãozinho MP,Orders,1,,,,,,,,
BR,Itanhaem,Itanhaem,Orders,1,1,,,1,1,,,
BR,Maringa,FS Jardim Universitário/Zona 7/Jardim Ipiranga MGF,Orders,1,,1,3,,1,2,1,1
BR,Passo Fundo,Passo Fundo Microzona,Orders,1,1,,,,,,,
BR,Campos Dos Goytacazes,MP Parque João Seixas GOY,Orders,1,,,,,1,,,
BR,Foz Do Iguaçu,PR - Foz - Jardim do Horto,Orders,1,,1,,,,,,
BR,Anapolis,MP Vila Santa Maria de Nazareth APS,Orders,1,,,1,,,,,
BR,Cuiaba,MP Jardim Cuiabá/Goiabeira/Santa Rosa - CGB,Orders,1,,1,,,,1,,
MX,Santo Domingo Tehuantepec,THC Centro,Orders,1,1,1,,,,,1,1
BR,Bauru,FS Vila Regina - BAU,Orders,1,,,1,,4,2,,
BR,Cuiaba,Morro da Serra,Orders,1,,,,1,,,,
BR,Anapolis,MP Vila Brasil/Vila Santa Maria APS,Orders,1,,,,,,,,
BR,Volta Redonda,MP Jardim Amalia VRD,Orders,1,1,3,3,2,1,,1,1
BR,Valparaiso De Goias,DOM CIDADE JARDINS VAL,Orders,,1,,,,,,,
BR,Cuiaba,MP Poção/Areão/Jardim Guanabara - CGB,Orders,,1,,,1,,,,
BR,Other,SP - BAR - Barueri,Orders,,,,,,,,,
BR,São Luis,SAO FRANCISCO,Orders,,,,,,,,,
BR,Volta Redonda,MP Tangirinal/ Conforto VRD,Orders,,3,2,2,,1,1,,
BR,Franca,MP Vila Santa Maria FRC,Orders,,,,,,,,,
BR,Franca,FS Vila Aparecida FRC,Orders,,,,,,,,,
BR,Ourinhos,MP VILA NOVA SÁ OUR 1,Orders,,,,,,,,,
CO,Apartado,Apartado,Orders,,1,2,4,5,3,1,1,
MX,Rio Verde,RVE Rio Verde El Refugio,Orders,,,,,,,,,
BR,Blumenau,MP Escola Agrícola/Itoupava Seca/Salto Norte BNU,Orders,,,,1,,,,,
BR,Franca,MP Vila Imperador FRC,Orders,,2,,,,1,,,
MX,Heroica Cardenas,HCR Centro,Orders,,,,,,,,,
BR,Limeira,FS VILA ESTEVE LIM,Orders,,,,,,,,,
BR,Araçatuba,BRZ Araçatuba ATU,Orders,,,2,,,,,,
MX,Tecoman,TCM Centro,Orders,,,,,,,,1,1
CO,Bogota,Calera_arboreto,Orders,,,,1,,1,,1,
BR,Vitoria,MP JARDIM LIMOEIRO SER,Orders,,,,,,,,,1
BR,Vitoria,MP PLANALTO DE CARAPINA SER,Orders,,,,,,,,,
MX,Navolato,NVT Novolato,Orders,,,,,,,,,
BR,Vinhedo,SP - VCP - Valinhos,Orders,,,,,,,1,,
BR,Other,SP - SP - Cantareira,Orders,,,,,,,,,
CR,Alajuela,ALJ Tambor,Orders,,,1,,,,,,
BR,Vila Velha,Vila Velha MP,Orders,,,,,,,,,
PE,Huanuco,Amarilis,Orders,,,,,,,,,
PE,Huacho,Huacho,Orders,,,,,,,,,
BR,Caruaru,MP Kennedy/Caiuca/Maria Auxiliadora - CAU,Orders,,,,,,,,,
BR,Other,Vila Velha MP,Orders,,,1,2,1,,,,
BR,São Carlos,Jd Parque Sisi - QSC,Orders,,,,,,,,,
BR,Mogi Das Cruzes,Expansao Yotsu - MOG,Orders,,,,,,,1,,
CR,Alajuela,ALJ_Urbanizacion_La_Paz,Orders,,,,,,,,,
BR,Cuiaba,Várzea Grande,Orders,,,,,,,,,
EC,Guayaquil,La Rioja,Orders,,,,,,,,,
BR,São Luis,SANTA ROSA,Orders,,,,,,,,,
MX,Other,Mid_Sur_Aeropuerto,Orders,,,,,,,,,
BR,Joinville,MP Glória JOI,Orders,,,,,,,,,1
BR,Indaiatuba,Residencial Duas Marias - IND,Orders,,,,,,,,,
BR,Amparo,Amparo,Orders,,,,,,,,,
PE,Abancay,Las Americas,Orders,,,,,1,,,,
MX,Papantla,PTL Papantla de Olarte,Orders,,,,,,,,,
BR,Vitoria Da Conquista,DOM BNH VIT,Orders,,,,,,,,,
BR,Marilia,FS Jardim Tangara/Banzato - MII,Orders,,,,,,,,,
BR,Other,SP - DIA - Diadema 2,Orders,,,,,,,,,
BR,Nova Friburgo,DOM SUIÇO NFB,Orders,,5,,,,,,,
BR,Rio Das Ostras,DOM BOCA DA BARRA ROS,Orders,,,,,,,,1,
MX,Cuauhtemoc,CMO Los Pinos,Orders,,,,,,,1,,
BR,Indaiatuba,Expansao Jardim Regina - IND,Orders,,,,,,,,,
CL,Puerto Varas,Puerto Varas,Orders,,,,,,1,,,2
CO,Pereira,San Felipe,Orders,,,,1,3,2,1,1,2
BR,Other,SP - GRU - Jardim Nova Cidade,Orders,,,,,,,,,
MX,Rio Bravo,RIB Rio Bravo SUR,Orders,,,,,,,,,
AR,Neuquen,Other,Orders,,,,,,,,,
BR,Cuiaba,Passagem da Conceição,Orders,,,,,,,,,1
BR,Petropolis,DOM DUCHAS PET,Orders,,,,,,,,,
UY,Montevideo,LAGOMAR,Orders,,,,,,,,,
BR,Foz Do Iguaçu,PR - Foz - Bairro Três Fonteiras,Orders,,,,,,,1,,
MX,Lagos De Moreno,LDM Torrecillas,Orders,,,2,1,2,1,1,1,1
BR,Other,Vitoria FS,Orders,,2,,1,,,,,
BR,Joinville,MP Bom Retiro JOI,Orders,,2,,1,,,,,
BR,Other,SP - SBC - Campestre / Jardim,Orders,,,,,,,,,
BR,São Luis,JARDIM EL DORADO,Orders,,,,,,,,,
CL,Los Andes,Los Andes,Orders,,,,,,,,,
BR,Aracaju,Barra dos Coqueiros,Orders,,,,,,,1,,
MX,Chihuahua,Other,Orders,,,,,,,,,
BR,Sumare,DOM VILA SANTANA SUM,Orders,,1,,,,,,,
CR,Cartago,San Isidro MZ,Orders,,,,,,,,,
CO,El Retiro,Retiro,Orders,,,,,,2,3,5,
BR,Franca,MP Parque Vicente Leporace 1 FRC,Orders,,,,,,,,,
BR,Patos De Minas,Patos de Minas,Orders,,,1,,,,,,
BR,Bertioga,Bertioga MP,Orders,,,,,,,,,
BR,Americana,DOM JARDIM MOLLON STA,Orders,,,,,,,3,,
BR,Limeira,MP VILA ANITA LIM,Orders,,2,1,1,,1,1,1,1
BR,Other,SP - SP - Santo Amaro/Jabaquara,Orders,,,,,,,,,
BR,Other,DF - BSB - Gama,Orders,,4,,1,,,,,
BR,Joinville,MP América/Saguaçu JOI,Orders,,,,,1,,1,,
BR,Maringa,MP Jardim Alvorada/Jardim Pinheiros/Jardim Oasis/Jardim Dourados/Jardim Tupinamba/Vila Morangueira MGF,Orders,,,1,,,,,,
BR,Maringa,Maringá - RES. ICARO,Orders,,,,,,,,,
BR,Other,SP - GRU - Centro,Orders,,,,,,,,,
BR,Other,SP - SP - Brasilandia,Orders,,,,,,,,,
BR,Brasilia,DF - BSB - Sobradinho,Orders,,,1,2,,,,,
BR,São Luis,TURU,Orders,,,,,,,,,
BR,Cuiaba,FS Santa Helena/Araes/Duque de Caxias/Centro Norte/Morada do Sol/Quilombo/Santa Maria - CGB,Orders,,,1,1,,1,,4,
BR,Caxias Do Sul,MP Mal. Floriano CXJ,Orders,,,,,,1,,,
CL,Santiago De Chile,Santiago_sur,Orders,,1,,,,,,,1
MX,Cuauhtemoc,CMO Zona Centro,Orders,,,,,1,,,,1
BR,Araraquara,SP -  ARA - Vila de Aracoara,Orders,,2,,,,,,,
CR,Alajuela,ALJ_Pavas_Ote,Orders,,,,,,,,,
BR,Teresopolis,DOM AGRIÕES TRE,Orders,,,,,,,,,
PE,Chincha,GROCIO PRADO,Orders,,,,,,,,,
BR,Rio De Janeiro,DOM POSTO MARICA MAC,Orders,,1,,,,,,,
CR,Alajuela,ALJ Alajuela Centro,Orders,,1,2,3,3,,1,,2
BR,Foz Do Iguaçu,PR-  FOZ - Jardim Eldorado,Orders,,2,,,3,,3,1,
BR,Bauru,MP Jardim Niceia/Jardim Colonial/Jardim Sambura - BAU,Orders,,1,,2,,1,,1,
BR,Maringa,FS Zona 01/Zona 02/Zona 03/Zona 04 MGF,Orders,,3,3,2,,2,,2,
BR,Poços De Caldas,MG -PDC - Centro,Orders,,,,,,,,,
BR,Novo Hamburgo,MP Ideal/Ouro Branco/Pátria Amada NHA,Orders,,,,,,,,,
BR,Mogi Das Cruzes,Vila Natal - MOG,Orders,,1,,1,,,3,,
BR,Indaiatuba,Jardim Itamaraca - IND,Orders,,,,,,,,,
CR,Alajuela,ALJ_Pavas_Pte,Orders,,,,,,,,,1
BR,Poços De Caldas,Country Club - Pocos de Caldas,Orders,,,,,,,,,
BR,Itabuna,PH Itabuna ITA,Orders,,,,,,,,,
BR,Mogi Das Cruzes,Mogi Das Cruzes,Orders,,,,,,,,,
CL,Buin,Buin centro,Orders,,,,,,,,,
BR,Itajai,BRZ Itajaí ITJ,Orders,,1,,,,1,,,3
BR,Other,SP - SP - Vila Medeiros/Vila Maria,Orders,,,,,,,,,
CR,Cartago,Quebradilla MZ,Orders,,,,,,,,,
BR,Limeira,MP CHÁRACA BOA VISTA GRAMINHA  LIM,Orders,,,,1,,1,,,
BR,Limeira,MP VILA CASTELAR LIM,Orders,,,,,,,,,
BR,Ourinhos,MP JARDIM BRILHANTE OUR,Orders,,,,,,,,,
BR,São Carlos,Vila Nery - QSC,Orders,,,,,,,,,1
BR,Ourinhos,MP JARDIM ESTORIL OUR,Orders,,,,,,,,,
BR,Porto Velho,MP Pedrinhas/Jardim América PVH,Orders,,,,,,,,,
MX,Valle De Santiago,VDS Valle de Santiago,Orders,,1,1,,,,,,
MX,Ciudad Juarez,Other,Orders,,,,,,,,,
BR,Grande São Paulo,Itaquaquecetuba,Orders,,,,,,,,,
BR,Campos Dos Goytacazes,MP Parque São Lino GOY,Orders,,,,,,,,,
BR,Caxias Do Sul,FS Rio Branco/São Leopoldo/Floresta/Medianeira/São Pelegrino CXJ,Orders,,,,,,,,,2
BR,Foz Do Iguaçu,PR - FOZ - Bairro Portal,Orders,,1,,,,,,,
MX,Heroica Cardenas,HCR Norte,Orders,,,,,,,,,
BR,Other,SP - OSC - Baronesa/Jardim Elvira,Orders,,,,,,,,,
BR,Mogi Das Cruzes,Expansao Centro Sul - MOG,Orders,,,,,,,,1,
BR,Presidente Prudente,BRZ Presidente Prudente PDT,Orders,,,,,,,,,
BR,Cuiaba,Jardim Imperial,Orders,,1,1,,,,,,
BR,Vitoria,Jardim Camburi,Orders,,,,,,,,1,
BR,Anapolis,MP Vila Goiás/Vila Industrial APS,Orders,,,1,,2,,,,
BR,Other,SP - GRU - Aeroporto,Orders,,,,,,,,,
BR,Resende,DOM BARBOSA LIMA RES,Orders,,1,2,1,1,,,,
BR,Other,Vitoria MP,Orders,,,,,,,,,
BR,Foz Do Iguaçu,PR - FOZ - Jardim Niteroi,Orders,,,,,,,,,
BR,Macae,MP Granja dos Cavaleiros MEA,Orders,,,1,,,1,,,
MX,Lagos De Moreno,LDM Granadillas,Orders,,1,,,,,,,
BR,São Luis,MP Vinhais/Jardim Bela Vista SLZ,Orders,,,,,,,,,
BR,Foz Do Iguaçu,PR - FOZ - Bairro Morumbi,Orders,,1,,,,1,,,
BR,Franca,MP Vila Santa Cruz FRC,Orders,,1,,,,,,,
BR,Uberaba,Uberaba 1,Orders,,,,,,,,,
BR,São Luis,MP Jardim Renascença SLZ,Orders,,,,,,,,,
BR,Marilia,FS Alto Cafezal/Montolar/Santa Olivia - MII,Orders,,,,,,,,,
BR,São Luis,ALTO DO PINHO,Orders,,,,,,,,,
BR,Montes Claros,MP SANTA RITA MON,Orders,,,,,,,,,
BR,Jaragua Do Sul,DOM VILA BAEPENDI JAR,Orders,,,,,,,,,
BR,Limeira,FS JARDIM MARIA FLORA LIM,Orders,,,,,,,,1,
PE,Other,Asia,Orders,,,,,,,,,
PE,Talara,TALARA,Orders,,,,,,,,,1
BR,Chapeco,Chapeco,Orders,,,,,,,,,
BR,Other,SP - SP - Granja Viana,Orders,,,,,,,,,
BR,Joinville,Joinville - NOVA BRASILIA,Orders,,,1,,1,,1,,
BR,Campos Dos Goytacazes,RJ -  CDG - Parque Lulio Negrão,Orders,,,,,,,,,
BR,Belo Horizonte,MG - BHZ - Sul,Orders,,1,,1,,,,,1
BR,Joinville,Joinville - FATIMA,Orders,,1,,,,,2,1,
MX,Rio Verde,RVE Rio Verde El Manantial,Orders,,,1,,1,,2,,1
CO,Cali,TERRON COLORADO,Orders,,1,,,,2,1,1,1
BR,Cascavel,PH Cascavel CAC,Orders,,1,1,,1,,1,,1
BR,Other,Praia da Costa - Vila Velha,Orders,,,3,,,,,,
BR,Cuiaba,FS Lixeira/Baú/Jardim Leblon/Bosque da Saúde/Canjica/Terra nova/Dom bosco/Campo Verde - CGB,Orders,,,1,,1,,,,
BR,Aracaju,Soledade,Orders,,1,,1,,5,,,
BR,Volta Redonda,MP Santo Agostinho VRD,Orders,,,,,,,,,
BR,Araraquara,SP - ARA - Jardim Tangara,Orders,,2,,,,,,,
MX,Hidalgo De Parral,HDP Centro,Orders,,,,,,,,,
PE,Pucallpa,Calleria,Orders,,,,,,,1,,
BR,Caruaru,FS Universitario - CAU,Orders,,,,,,,,,
BR,Florianopolis,SC - FLN - Santo Antonio de Lisboa,Orders,,1,2,2,,2,,3,10
BR,Other,SP - GRU - Jardim Pres. Dutra,Orders,,,,,,,,,
MX,Rio Bravo,RIB Rio Bravo NTE,Orders,,,,,,,,,
BR,Franca,FS Vila FLores FRC,Orders,,,,1,,,,,
BR,Maringa,Maringá - JARDIM AURORA,Orders,,,,,,,,,1
BR,Vitoria,MP CARAPINA GRANDE SER,Orders,,2,,,,,,,
MX,Cancun,cunZona hotelera,Orders,,,1,,,,,,
BR,Joinville,MP Bom Retiro JOI 2,Orders,,,,,,,,1,
BR,Porto Velho,MP Embratel PVH,Orders,,,,,,,,,
BR,Montes Claros,MP CIDADE SANTA MARIA MON 1,Orders,,,,,,,,,
BR,Caxias Do Sul,FS Cristo Redentor/Nossa sra. de lourdes/Centro CXJ,Orders,,,,,,,,,
CO,Ipiales,Ipiales,Orders,,,,,,2,2,1,
CL,Curico,Curicó,Orders,,,,,,,,,
MX,Penjamo,PMO Centro,Orders,,,,,,,,,
BR,São Luis,MP Quintas do Calhau/ Parque Athenas SLZ,Orders,,,,,,,,,
CR,Alajuela,ALJ_San_Jose,Orders,,,2,1,5,,1,2,5
CL,Melipilla,Melipilla centro,Orders,,,,,,,,,1
BR,Leme,Leme,Orders,,,,,,,,,
BR,Campos Dos Goytacazes,MP Jardim Carioca GOY,Orders,,,,,,,,,
BR,Porto Seguro,DOM PORTO SEGURO PRS,Orders,,,,,1,,,,
CO,La Ceja,La Ceja,Orders,,1,4,7,5,3,3,5,4
BR,Bauru,FS Jardim Estoril/Centro - BAU,Orders,,,,,1,2,,,
BR,Other,SP - SP - Vila Matilde/Penha,Orders,,,,,,,,,
BR,Novo Hamburgo,Novo Hamburgo MP,Orders,,,,,,,1,,1
BR,Montes Claros,MP MELO MON,Orders,,,1,,,,,,
BR,Cuiaba,MP Grande Terceiro/Barbado/Jardim California/Jardim Petrópolis/Boa esperança - CGB,Orders,,1,,1,,,,,
BR,Macae,MP Riviera Fluminense/Praia Campista MEA,Orders,,1,1,,3,,1,,2
BR,Maringa,MP Vila Santa Izabel/Jardim Los Angeles/Jardim Maravilha MGF,Orders,,,,2,,1,,,
MX,Monterrey,Santiago,Orders,,,,,,,,,
CL,Valdivia,Valdivia,Orders,,,,,,,,,
CO,Armenia,El Eden,Orders,,,8,15,14,25,23,22,26
BR,Barreiras,DOM SANDRA REGINA BAE,Orders,,,2,,,,,,
BR,Cuiaba,Petrópolis,Orders,,,,,,,,,
MX,Guadalajara Eventos,Astro Arenas,Orders,,,,,,,,,1
BR,Other,SP - GRU - Jardim Matarazzo,Orders,,,,,,,,,
BR,Other,SP - SP - Parque do Carmo,Orders,,,,,,,,,
BR,Novo Hamburgo,MP Ricão/Petrópolis/Primavera NHA,Orders,,,1,1,,3,,1,
BR,Itu,Itu,Orders,,,,,,,,,
BR,Aracaju,Marcelo Deda,Orders,,2,2,2,,2,2,2,3
BR,Manaus,Manaus MP,Orders,,3,,,,2,,1,
BR,Cuiaba,MP UFMT/Jardim das Américas/Jardim Leblon/Pedregal/Jardim Renascer/Jardim Itália - CGB,Orders,,,,,,,,,
BR,Vitoria,MP PARQUE RES. LARANJEIRAS 2 SER,Orders,,,,,1,,,,
BR,Volta Redonda,MP Nossa SRA. das Gracas VRD,Orders,,,,1,,,,,
BR,Campos Dos Goytacazes,MP Vila da Rainha GOY,Orders,,,,,,,,,
MX,Nacajuca,NCA Jalpa,Orders,,,,,,,,,
BR,Anapolis,MP Jardim Bela Vista/Vila Góis APS,Orders,,,,,,,,,
BR,Foz Do Iguaçu,PR- FOZ - Vila A,Orders,,,,,,,,,
EC,Quito,Aeropuerto,Orders,,,,,,,,,
BR,São Carlos,Parque Primavera - QSC,Orders,,,,,,,1,,
CL,Buin,Linderos,Orders,,,,,,,,2,1
BR,Maringa,PARQUE DAS GREVILEAS,Orders,,,,,,,,,
BR,Atibaia,DOM VILA JUNQUEIRA ATI,Orders,,,1,,,,,,
BR,Santos,Sitio Do Campo,Orders,,1,2,2,2,3,,3,1
BR,Other,SP - BAR - Alphaville,Orders,,,,,,,,,
BR,Betim,Betim MP,Orders,,,,,,1,1,,
BR,Foz Do Iguaçu,PR - FOZ - Jardim Itamarati,Orders,,,,1,,,1,,
BR,Grande São Paulo,SP - SP - Cantareira,Orders,,,,,,,,,
BR,Limeira,MP VILA LIMEIRANEA LIM,Orders,,,,,,,,,
BR,São Luis,MP Ponta do Farol/ Calhau SLZ,Orders,,,,,,,,,
BR,Maringa,Maringá - VILLA EMILIA,Orders,,,,1,,,,,
PE,Tarapoto,Barrio Comercio,Orders,,,,,,,,,